Workbook

Sheet 통계표
A1: 맞춤 통계 · 기관 × 위반법규 · 과태료처분율, 답변 건수
A2: 2026-09-29 18:45:27 (Asia/Seoul) 기준 집계 snapshot · 조건은 ‘조회 조건’ 시트
B4: 도로교통법 제32조 | C4: 도로교통법 제32조 | D4: 도로교통법 제32조 | E4: 도로교통법 제32조 | F4: 도로교통법 제32조 | G4: 도로교통법 제32조 | H4: 도로교통법 제32조 | I4: 도로교통법 제32조 | J4: 도로교통법 제32조 | K4: 도로교통법 제32조 | L4: 도로교통법 제5조 | M4: 도로교통법 제5조 | N4: 도로교통법 제5조 | O4: 도로교통법 제5조 | P4: 도로교통법 제5조 | Q4: 도로교통법 제5조 | R4: 도로교통법 제5조 | S4: 도로교통법 제5조 | T4: 도로교통법 제5조 | U4: 도로교통법 제5조 | V4: 도로교통법 제33조 | W4: 도로교통법 제33조 | X4: 도로교통법 제33조 | Y4: 도로교통법 제33조 | Z4: 도로교통법 제33조 | AA4: 도로교통법 제33조 | AB4: 도로교통법 제33조 | AC4: 도로교통법 제33조 | AD4: 도로교통법 제33조 | AE4: 도로교통법 제33조 | AF4: 도로교통법 제27조 | AG4: 도로교통법 제27조 | AH4: 도로교통법 제27조 | AI4: 도로교통법 제27조 | AJ4: 도로교통법 제27조 | AK4: 도로교통법 제27조 | AL4: 도로교통법 제27조 | AM4: 도로교통법 제27조 | AN4: 도로교통법 제27조 | AO4: 도로교통법 제27조 | AP4: 도로교통법 제34조 | AQ4: 도로교통법 제34조 | AR4: 도로교통법 제34조 | AS4: 도로교통법 제34조 | AT4: 도로교통법 제34조 | AU4: 도로교통법 제34조 | AV4: 도로교통법 제34조 | AW4: 도로교통법 제34조 | AX4: 도로교통법 제34조 | AY4: 도로교통법 제34조 | AZ4: 도로교통법 제35조 | BA4: 도로교통법 제35조 | BB4: 도로교통법 제35조 | BC4: 도로교통법 제35조 | BD4: 도로교통법 제35조 | BE4: 도로교통법 제35조 | BF4: 도로교통법 제35조 | BG4: 도로교통법 제35조 | BH4: 도로교통법 제35조 | BI4: 도로교통법 제35조 | BJ4: 도로교통법 제49조 | BK4: 도로교통법 제49조 | BL4: 도로교통법 제49조 | BM4: 도로교통법 제49조 | BN4: 도로교통법 제49조 | BO4: 도로교통법 제49조 | BP4: 도로교통법 제49조 | BQ4: 도로교통법 제49조 | BR4: 도로교통법 제49조 | BS4: 도로교통법 제49조 | BT4: 자동차관리법 제10조 | BU4: 자동차관리법 제10조 | BV4: 자동차관리법 제10조 | BW4: 자동차관리법 제10조 | BX4: 자동차관리법 제10조 | BY4: 자동차관리법 제10조 | BZ4: 자동차관리법 제10조 | CA4: 자동차관리법 제10조 | CB4: 자동차관리법 제10조 | CC4: 자동차관리법 제10조 | CD4: 도로교통법 제38조 | CE4: 도로교통법 제38조 | CF4: 도로교통법 제38조 | CG4: 도로교통법 제38조 | CH4: 도로교통법 제38조 | CI4: 도로교통법 제38조 | CJ4: 도로교통법 제38조 | CK4: 도로교통법 제38조 | CL4: 도로교통법 제38조 | CM4: 도로교통법 제38조 | CN4: 도로교통법 제13조 | CO4: 도로교통법 제13조 | CP4: 도로교통법 제13조 | CQ4: 도로교통법 제13조 | CR4: 도로교통법 제13조 | CS4: 도로교통법 제13조 | CT4: 도로교통법 제13조 | CU4: 도로교통법 제13조 | CV4: 도로교통법 제13조 | CW4: 도로교통법 제13조 | CX4: 주차장법 제29조 | CY4: 주차장법 제29조 | CZ4: 주차장법 제29조 | DA4: 주차장법 제29조 | DB4: 주차장법 제29조 | DC4: 주차장법 제29조 | DD4: 주차장법 제29조 | DE4: 주차장법 제29조 | DF4: 주차장법 제29조 | DG4: 주차장법 제29조 | DH4: 도로교통법 제5조의2 | DI4: 도로교통법 제5조의2 | DJ4: 도로교통법 제5조의2 | DK4: 도로교통법 제5조의2 | DL4: 도로교통법 제5조의2 | DM4: 도로교통법 제5조의2 | DN4: 도로교통법 제5조의2 | DO4: 도로교통법 제5조의2 | DP4: 도로교통법 제5조의2 | DQ4: 도로교통법 제5조의2 | DR4: 도로교통법 제25조 | DS4: 도로교통법 제25조 | DT4: 도로교통법 제25조 | DU4: 도로교통법 제25조 | DV4: 도로교통법 제25조 | DW4: 도로교통법 제25조 | DX4: 도로교통법 제25조 | DY4: 도로교통법 제25조 | DZ4: 도로교통법 제25조 | EA4: 도로교통법 제25조 | EB4: 법규 미상 | EC4: 법규 미상 | ED4: 법규 미상 | EE4: 법규 미상 | EF4: 법규 미상 | EG4: 법규 미상 | EH4: 법규 미상 | EI4: 법규 미상 | EJ4: 법규 미상 | EK4: 법규 미상 | EL4: 행 합계 | EM4: 행 합계 | EN4: 행 합계 | EO4: 행 합계 | EP4: 행 합계 | EQ4: 행 합계 | ER4: 행 합계 | ES4: 행 합계 | ET4: 행 합계 | EU4: 행 합계
B5: 과태료처분율 | C5: 과태료처분율 | D5: 과태료처분율 | E5: 과태료처분율 | F5: 과태료처분율 | G5: 과태료처분율 | H5: 답변 건수 | I5: 답변 건수 | J5: 답변 건수 | K5: 답변 건수 | L5: 과태료처분율 | M5: 과태료처분율 | N5: 과태료처분율 | O5: 과태료처분율 | P5: 과태료처분율 | Q5: 과태료처분율 | R5: 답변 건수 | S5: 답변 건수 | T5: 답변 건수 | U5: 답변 건수 | V5: 과태료처분율 | W5: 과태료처분율 | X5: 과태료처분율 | Y5: 과태료처분율 | Z5: 과태료처분율 | AA5: 과태료처분율 | AB5: 답변 건수 | AC5: 답변 건수 | AD5: 답변 건수 | AE5: 답변 건수 | AF5: 과태료처분율 | AG5: 과태료처분율 | AH5: 과태료처분율 | AI5: 과태료처분율 | AJ5: 과태료처분율 | AK5: 과태료처분율 | AL5: 답변 건수 | AM5: 답변 건수 | AN5: 답변 건수 | AO5: 답변 건수 | AP5: 과태료처분율 | AQ5: 과태료처분율 | AR5: 과태료처분율 | AS5: 과태료처분율 | AT5: 과태료처분율 | AU5: 과태료처분율 | AV5: 답변 건수 | AW5: 답변 건수 | AX5: 답변 건수 | AY5: 답변 건수 | AZ5: 과태료처분율 | BA5: 과태료처분율 | BB5: 과태료처분율 | BC5: 과태료처분율 | BD5: 과태료처분율 | BE5: 과태료처분율 | BF5: 답변 건수 | BG5: 답변 건수 | BH5: 답변 건수 | BI5: 답변 건수 | BJ5: 과태료처분율 | BK5: 과태료처분율 | BL5: 과태료처분율 | BM5: 과태료처분율 | BN5: 과태료처분율 | BO5: 과태료처분율 | BP5: 답변 건수 | BQ5: 답변 건수 | BR5: 답변 건수 | BS5: 답변 건수 | BT5: 과태료처분율 | BU5: 과태료처분율 | BV5: 과태료처분율 | BW5: 과태료처분율 | BX5: 과태료처분율 | BY5: 과태료처분율 | BZ5: 답변 건수 | CA5: 답변 건수 | CB5: 답변 건수 | CC5: 답변 건수 | CD5: 과태료처분율 | CE5: 과태료처분율 | CF5: 과태료처분율 | CG5: 과태료처분율 | CH5: 과태료처분율 | CI5: 과태료처분율 | CJ5: 답변 건수 | CK5: 답변 건수 | CL5: 답변 건수 | CM5: 답변 건수 | CN5: 과태료처분율 | CO5: 과태료처분율 | CP5: 과태료처분율 | CQ5: 과태료처분율 | CR5: 과태료처분율 | CS5: 과태료처분율 | CT5: 답변 건수 | CU5: 답변 건수 | CV5: 답변 건수 | CW5: 답변 건수 | CX5: 과태료처분율 | CY5: 과태료처분율 | CZ5: 과태료처분율 | DA5: 과태료처분율 | DB5: 과태료처분율 | DC5: 과태료처분율 | DD5: 답변 건수 | DE5: 답변 건수 | DF5: 답변 건수 | DG5: 답변 건수 | DH5: 과태료처분율 | DI5: 과태료처분율 | DJ5: 과태료처분율 | DK5: 과태료처분율 | DL5: 과태료처분율 | DM5: 과태료처분율 | DN5: 답변 건수 | DO5: 답변 건수 | DP5: 답변 건수 | DQ5: 답변 건수 | DR5: 과태료처분율 | DS5: 과태료처분율 | DT5: 과태료처분율 | DU5: 과태료처분율 | DV5: 과태료처분율 | DW5: 과태료처분율 | DX5: 답변 건수 | DY5: 답변 건수 | DZ5: 답변 건수 | EA5: 답변 건수 | EB5: 과태료처분율 | EC5: 과태료처분율 | ED5: 과태료처분율 | EE5: 과태료처분율 | EF5: 과태료처분율 | EG5: 과태료처분율 | EH5: 답변 건수 | EI5: 답변 건수 | EJ5: 답변 건수 | EK5: 답변 건수 | EL5: 과태료처분율 | EM5: 과태료처분율 | EN5: 과태료처분율 | EO5: 과태료처분율 | EP5: 과태료처분율 | EQ5: 과태료처분율 | ER5: 답변 건수 | ES5: 답변 건수 | ET5: 답변 건수 | EU5: 답변 건수
B6: 전체 | C6: 전체 | D6: 전체 | E6: 내 신고 | F6: 내 신고 | G6: 내 신고 | H6: 전체 | I6: 전체 | J6: 내 신고 | K6: 내 신고 | L6: 전체 | M6: 전체 | N6: 전체 | O6: 내 신고 | P6: 내 신고 | Q6: 내 신고 | R6: 전체 | S6: 전체 | T6: 내 신고 | U6: 내 신고 | V6: 전체 | W6: 전체 | X6: 전체 | Y6: 내 신고 | Z6: 내 신고 | AA6: 내 신고 | AB6: 전체 | AC6: 전체 | AD6: 내 신고 | AE6: 내 신고 | AF6: 전체 | AG6: 전체 | AH6: 전체 | AI6: 내 신고 | AJ6: 내 신고 | AK6: 내 신고 | AL6: 전체 | AM6: 전체 | AN6: 내 신고 | AO6: 내 신고 | AP6: 전체 | AQ6: 전체 | AR6: 전체 | AS6: 내 신고 | AT6: 내 신고 | AU6: 내 신고 | AV6: 전체 | AW6: 전체 | AX6: 내 신고 | AY6: 내 신고 | AZ6: 전체 | BA6: 전체 | BB6: 전체 | BC6: 내 신고 | BD6: 내 신고 | BE6: 내 신고 | BF6: 전체 | BG6: 전체 | BH6: 내 신고 | BI6: 내 신고 | BJ6: 전체 | BK6: 전체 | BL6: 전체 | BM6: 내 신고 | BN6: 내 신고 | BO6: 내 신고 | BP6: 전체 | BQ6: 전체 | BR6: 내 신고 | BS6: 내 신고 | BT6: 전체 | BU6: 전체 | BV6: 전체 | BW6: 내 신고 | BX6: 내 신고 | BY6: 내 신고 | BZ6: 전체 | CA6: 전체 | CB6: 내 신고 | CC6: 내 신고 | CD6: 전체 | CE6: 전체 | CF6: 전체 | CG6: 내 신고 | CH6: 내 신고 | CI6: 내 신고 | CJ6: 전체 | CK6: 전체 | CL6: 내 신고 | CM6: 내 신고 | CN6: 전체 | CO6: 전체 | CP6: 전체 | CQ6: 내 신고 | CR6: 내 신고 | CS6: 내 신고 | CT6: 전체 | CU6: 전체 | CV6: 내 신고 | CW6: 내 신고 | CX6: 전체 | CY6: 전체 | CZ6: 전체 | DA6: 내 신고 | DB6: 내 신고 | DC6: 내 신고 | DD6: 전체 | DE6: 전체 | DF6: 내 신고 | DG6: 내 신고 | DH6: 전체 | DI6: 전체 | DJ6: 전체 | DK6: 내 신고 | DL6: 내 신고 | DM6: 내 신고 | DN6: 전체 | DO6: 전체 | DP6: 내 신고 | DQ6: 내 신고 | DR6: 전체 | DS6: 전체 | DT6: 전체 | DU6: 내 신고 | DV6: 내 신고 | DW6: 내 신고 | DX6: 전체 | DY6: 전체 | DZ6: 내 신고 | EA6: 내 신고 | EB6: 전체 | EC6: 전체 | ED6: 전체 | EE6: 내 신고 | EF6: 내 신고 | EG6: 내 신고 | EH6: 전체 | EI6: 전체 | EJ6: 내 신고 | EK6: 내 신고 | EL6: 전체 | EM6: 전체 | EN6: 전체 | EO6: 내 신고 | EP6: 내 신고 | EQ6: 내 신고 | ER6: 전체 | ES6: 전체 | ET6: 내 신고 | EU6: 내 신고
A7: 기관 | B7: 도로교통법 제32조 · 과태료처분율 · 전체 · 비율 | C7: 도로교통법 제32조 · 과태료처분율 · 전체 · 분자(건) | D7: 도로교통법 제32조 · 과태료처분율 · 전체 · 분모(건) | E7: 도로교통법 제32조 · 과태료처분율 · 내 신고 · 비율 | F7: 도로교통법 제32조 · 과태료처분율 · 내 신고 · 분자(건) | G7: 도로교통법 제32조 · 과태료처분율 · 내 신고 · 분모(건) | H7: 도로교통법 제32조 · 답변 건수 · 전체 · 값 | I7: 도로교통법 제32조 · 답변 건수 · 전체 · 분자 | J7: 도로교통법 제32조 · 답변 건수 · 내 신고 · 값 | K7: 도로교통법 제32조 · 답변 건수 · 내 신고 · 분자 | L7: 도로교통법 제5조 · 과태료처분율 · 전체 · 비율 | M7: 도로교통법 제5조 · 과태료처분율 · 전체 · 분자(건) | N7: 도로교통법 제5조 · 과태료처분율 · 전체 · 분모(건) | O7: 도로교통법 제5조 · 과태료처분율 · 내 신고 · 비율 | P7: 도로교통법 제5조 · 과태료처분율 · 내 신고 · 분자(건) | Q7: 도로교통법 제5조 · 과태료처분율 · 내 신고 · 분모(건) | R7: 도로교통법 제5조 · 답변 건수 · 전체 · 값 | S7: 도로교통법 제5조 · 답변 건수 · 전체 · 분자 | T7: 도로교통법 제5조 · 답변 건수 · 내 신고 · 값 | U7: 도로교통법 제5조 · 답변 건수 · 내 신고 · 분자 | V7: 도로교통법 제33조 · 과태료처분율 · 전체 · 비율 | W7: 도로교통법 제33조 · 과태료처분율 · 전체 · 분자(건) | X7: 도로교통법 제33조 · 과태료처분율 · 전체 · 분모(건) | Y7: 도로교통법 제33조 · 과태료처분율 · 내 신고 · 비율 | Z7: 도로교통법 제33조 · 과태료처분율 · 내 신고 · 분자(건) | AA7: 도로교통법 제33조 · 과태료처분율 · 내 신고 · 분모(건) | AB7: 도로교통법 제33조 · 답변 건수 · 전체 · 값 | AC7: 도로교통법 제33조 · 답변 건수 · 전체 · 분자 | AD7: 도로교통법 제33조 · 답변 건수 · 내 신고 · 값 | AE7: 도로교통법 제33조 · 답변 건수 · 내 신고 · 분자 | AF7: 도로교통법 제27조 · 과태료처분율 · 전체 · 비율 | AG7: 도로교통법 제27조 · 과태료처분율 · 전체 · 분자(건) | AH7: 도로교통법 제27조 · 과태료처분율 · 전체 · 분모(건) | AI7: 도로교통법 제27조 · 과태료처분율 · 내 신고 · 비율 | AJ7: 도로교통법 제27조 · 과태료처분율 · 내 신고 · 분자(건) | AK7: 도로교통법 제27조 · 과태료처분율 · 내 신고 · 분모(건) | AL7: 도로교통법 제27조 · 답변 건수 · 전체 · 값 | AM7: 도로교통법 제27조 · 답변 건수 · 전체 · 분자 | AN7: 도로교통법 제27조 · 답변 건수 · 내 신고 · 값 | AO7: 도로교통법 제27조 · 답변 건수 · 내 신고 · 분자 | AP7: 도로교통법 제34조 · 과태료처분율 · 전체 · 비율 | AQ7: 도로교통법 제34조 · 과태료처분율 · 전체 · 분자(건) | AR7: 도로교통법 제34조 · 과태료처분율 · 전체 · 분모(건) | AS7: 도로교통법 제34조 · 과태료처분율 · 내 신고 · 비율 | AT7: 도로교통법 제34조 · 과태료처분율 · 내 신고 · 분자(건) | AU7: 도로교통법 제34조 · 과태료처분율 · 내 신고 · 분모(건) | AV7: 도로교통법 제34조 · 답변 건수 · 전체 · 값 | AW7: 도로교통법 제34조 · 답변 건수 · 전체 · 분자 | AX7: 도로교통법 제34조 · 답변 건수 · 내 신고 · 값 | AY7: 도로교통법 제34조 · 답변 건수 · 내 신고 · 분자 | AZ7: 도로교통법 제35조 · 과태료처분율 · 전체 · 비율 | BA7: 도로교통법 제35조 · 과태료처분율 · 전체 · 분자(건) | BB7: 도로교통법 제35조 · 과태료처분율 · 전체 · 분모(건) | BC7: 도로교통법 제35조 · 과태료처분율 · 내 신고 · 비율 | BD7: 도로교통법 제35조 · 과태료처분율 · 내 신고 · 분자(건) | BE7: 도로교통법 제35조 · 과태료처분율 · 내 신고 · 분모(건) | BF7: 도로교통법 제35조 · 답변 건수 · 전체 · 값 | BG7: 도로교통법 제35조 · 답변 건수 · 전체 · 분자 | BH7: 도로교통법 제35조 · 답변 건수 · 내 신고 · 값 | BI7: 도로교통법 제35조 · 답변 건수 · 내 신고 · 분자 | BJ7: 도로교통법 제49조 · 과태료처분율 · 전체 · 비율 | BK7: 도로교통법 제49조 · 과태료처분율 · 전체 · 분자(건) | BL7: 도로교통법 제49조 · 과태료처분율 · 전체 · 분모(건) | BM7: 도로교통법 제49조 · 과태료처분율 · 내 신고 · 비율 | BN7: 도로교통법 제49조 · 과태료처분율 · 내 신고 · 분자(건) | BO7: 도로교통법 제49조 · 과태료처분율 · 내 신고 · 분모(건) | BP7: 도로교통법 제49조 · 답변 건수 · 전체 · 값 | BQ7: 도로교통법 제49조 · 답변 건수 · 전체 · 분자 | BR7: 도로교통법 제49조 · 답변 건수 · 내 신고 · 값 | BS7: 도로교통법 제49조 · 답변 건수 · 내 신고 · 분자 | BT7: 자동차관리법 제10조 · 과태료처분율 · 전체 · 비율 | BU7: 자동차관리법 제10조 · 과태료처분율 · 전체 · 분자(건) | BV7: 자동차관리법 제10조 · 과태료처분율 · 전체 · 분모(건) | BW7: 자동차관리법 제10조 · 과태료처분율 · 내 신고 · 비율 | BX7: 자동차관리법 제10조 · 과태료처분율 · 내 신고 · 분자(건) | BY7: 자동차관리법 제10조 · 과태료처분율 · 내 신고 · 분모(건) | BZ7: 자동차관리법 제10조 · 답변 건수 · 전체 · 값 | CA7: 자동차관리법 제10조 · 답변 건수 · 전체 · 분자 | CB7: 자동차관리법 제10조 · 답변 건수 · 내 신고 · 값 | CC7: 자동차관리법 제10조 · 답변 건수 · 내 신고 · 분자 | CD7: 도로교통법 제38조 · 과태료처분율 · 전체 · 비율 | CE7: 도로교통법 제38조 · 과태료처분율 · 전체 · 분자(건) | CF7: 도로교통법 제38조 · 과태료처분율 · 전체 · 분모(건) | CG7: 도로교통법 제38조 · 과태료처분율 · 내 신고 · 비율 | CH7: 도로교통법 제38조 · 과태료처분율 · 내 신고 · 분자(건) | CI7: 도로교통법 제38조 · 과태료처분율 · 내 신고 · 분모(건) | CJ7: 도로교통법 제38조 · 답변 건수 · 전체 · 값 | CK7: 도로교통법 제38조 · 답변 건수 · 전체 · 분자 | CL7: 도로교통법 제38조 · 답변 건수 · 내 신고 · 값 | CM7: 도로교통법 제38조 · 답변 건수 · 내 신고 · 분자 | CN7: 도로교통법 제13조 · 과태료처분율 · 전체 · 비율 | CO7: 도로교통법 제13조 · 과태료처분율 · 전체 · 분자(건) | CP7: 도로교통법 제13조 · 과태료처분율 · 전체 · 분모(건) | CQ7: 도로교통법 제13조 · 과태료처분율 · 내 신고 · 비율 | CR7: 도로교통법 제13조 · 과태료처분율 · 내 신고 · 분자(건) | CS7: 도로교통법 제13조 · 과태료처분율 · 내 신고 · 분모(건) | CT7: 도로교통법 제13조 · 답변 건수 · 전체 · 값 | CU7: 도로교통법 제13조 · 답변 건수 · 전체 · 분자 | CV7: 도로교통법 제13조 · 답변 건수 · 내 신고 · 값 | CW7: 도로교통법 제13조 · 답변 건수 · 내 신고 · 분자 | CX7: 주차장법 제29조 · 과태료처분율 · 전체 · 비율 | CY7: 주차장법 제29조 · 과태료처분율 · 전체 · 분자(건) | CZ7: 주차장법 제29조 · 과태료처분율 · 전체 · 분모(건) | DA7: 주차장법 제29조 · 과태료처분율 · 내 신고 · 비율 | DB7: 주차장법 제29조 · 과태료처분율 · 내 신고 · 분자(건) | DC7: 주차장법 제29조 · 과태료처분율 · 내 신고 · 분모(건) | DD7: 주차장법 제29조 · 답변 건수 · 전체 · 값 | DE7: 주차장법 제29조 · 답변 건수 · 전체 · 분자 | DF7: 주차장법 제29조 · 답변 건수 · 내 신고 · 값 | DG7: 주차장법 제29조 · 답변 건수 · 내 신고 · 분자 | DH7: 도로교통법 제5조의2 · 과태료처분율 · 전체 · 비율 | DI7: 도로교통법 제5조의2 · 과태료처분율 · 전체 · 분자(건) | DJ7: 도로교통법 제5조의2 · 과태료처분율 · 전체 · 분모(건) | DK7: 도로교통법 제5조의2 · 과태료처분율 · 내 신고 · 비율 | DL7: 도로교통법 제5조의2 · 과태료처분율 · 내 신고 · 분자(건) | DM7: 도로교통법 제5조의2 · 과태료처분율 · 내 신고 · 분모(건) | DN7: 도로교통법 제5조의2 · 답변 건수 · 전체 · 값 | DO7: 도로교통법 제5조의2 · 답변 건수 · 전체 · 분자 | DP7: 도로교통법 제5조의2 · 답변 건수 · 내 신고 · 값 | DQ7: 도로교통법 제5조의2 · 답변 건수 · 내 신고 · 분자 | DR7: 도로교통법 제25조 · 과태료처분율 · 전체 · 비율 | DS7: 도로교통법 제25조 · 과태료처분율 · 전체 · 분자(건) | DT7: 도로교통법 제25조 · 과태료처분율 · 전체 · 분모(건) | DU7: 도로교통법 제25조 · 과태료처분율 · 내 신고 · 비율 | DV7: 도로교통법 제25조 · 과태료처분율 · 내 신고 · 분자(건) | DW7: 도로교통법 제25조 · 과태료처분율 · 내 신고 · 분모(건) | DX7: 도로교통법 제25조 · 답변 건수 · 전체 · 값 | DY7: 도로교통법 제25조 · 답변 건수 · 전체 · 분자 | DZ7: 도로교통법 제25조 · 답변 건수 · 내 신고 · 값 | EA7: 도로교통법 제25조 · 답변 건수 · 내 신고 · 분자 | EB7: 법규 미상 · 과태료처분율 · 전체 · 비율 | EC7: 법규 미상 · 과태료처분율 · 전체 · 분자(건) | ED7: 법규 미상 · 과태료처분율 · 전체 · 분모(건) | EE7: 법규 미상 · 과태료처분율 · 내 신고 · 비율 | EF7: 법규 미상 · 과태료처분율 · 내 신고 · 분자(건) | EG7: 법규 미상 · 과태료처분율 · 내 신고 · 분모(건) | EH7: 법규 미상 · 답변 건수 · 전체 · 값 | EI7: 법규 미상 · 답변 건수 · 전체 · 분자 | EJ7: 법규 미상 · 답변 건수 · 내 신고 · 값 | EK7: 법규 미상 · 답변 건수 · 내 신고 · 분자 | EL7: 행 합계 · 과태료처분율 · 전체 · 비율 | EM7: 행 합계 · 과태료처분율 · 전체 · 분자(건) | EN7: 행 합계 · 과태료처분율 · 전체 · 분모(건) | EO7: 행 합계 · 과태료처분율 · 내 신고 · 비율 | EP7: 행 합계 · 과태료처분율 · 내 신고 · 분자(건) | EQ7: 행 합계 · 과태료처분율 · 내 신고 · 분모(건) | ER7: 행 합계 · 답변 건수 · 전체 · 값 | ES7: 행 합계 · 답변 건수 · 전체 · 분자 | ET7: 행 합계 · 답변 건수 · 내 신고 · 값 | EU7: 행 합계 · 답변 건수 · 내 신고 · 분자
A8: 예시 대구수성경찰서 | B8: =C8/D8 -> 0.3565217391304348 | C8: 41 | D8: 115 | E8: — | H8: 115 | I8: 115 | J8: — | L8: =M8/N8 -> 0.5 | M8: 1 | N8: 2 | O8: — | R8: 2 | S8: 2 | T8: — | V8: — | Y8: — | AB8: — | AD8: — | AF8: =AG8/AH8 -> 0 | AG8: 0 | AH8: 2 | AI8: — | AL8: 2 | AM8: 2 | AN8: — | AP8: =AQ8/AR8 -> 0.3333333333333333 | AQ8: 1 | AR8: 3 | AS8: — | AV8: 3 | AW8: 3 | AX8: — | AZ8: =BA8/BB8 -> 1 | BA8: 1 | BB8: 1 | BC8: — | BF8: 1 | BG8: 1 | BH8: — | BJ8: — | BM8: — | BP8: — | BR8: — | BT8: =BU8/BV8 -> 0 | BU8: 0 | BV8: 1 | BW8: — | BZ8: 1 | CA8: 1 | CB8: — | CD8: — | CG8: — | CJ8: — | CL8: — | CN8: =CO8/CP8 -> 1 | CO8: 1 | CP8: 1 | CQ8: — | CT8: 1 | CU8: 1 | CV8: — | CX8: =CY8/CZ8 -> 0.3333333333333333 | CY8: 1 | CZ8: 3 | DA8: — | DD8: 3 | DE8: 3 | DF8: — | DH8: — | DK8: — | DN8: — | DP8: — | DR8: — | DU8: — | DX8: — | DZ8: — | EB8: =EC8/ED8 -> 0 | EC8: 0 | ED8: 3 | EE8: — | EH8: 3 | EI8: 3 | EJ8: — | EL8: =EM8/EN8 -> 0.3511450381679389 | EM8: 46 | EN8: 131 | EO8: — | ER8: 131 | ES8: 131 | ET8: —
A9: 예시 서울중부경찰서 | B9: =C9/D9 -> 0.125 | C9: 1 | D9: 8 | E9: =F9/G9 -> 0 | F9: 0 | G9: 1 | H9: 8 | I9: 8 | J9: 1 | K9: 1 | L9: =M9/N9 -> 0.5833333333333334 | M9: 7 | N9: 12 | O9: =P9/Q9 -> 1 | P9: 1 | Q9: 1 | R9: 12 | S9: 12 | T9: 1 | U9: 1 | V9: =W9/X9 -> 0.3333333333333333 | W9: 2 | X9: 6 | Y9: =Z9/AA9 -> 0 | Z9: 0 | AA9: 1 | AB9: 6 | AC9: 6 | AD9: 1 | AE9: 1 | AF9: =AG9/AH9 -> 0.2 | AG9: 1 | AH9: 5 | AI9: =AJ9/AK9 -> 0 | AJ9: 0 | AK9: 1 | AL9: 5 | AM9: 5 | AN9: 1 | AO9: 1 | AP9: =AQ9/AR9 -> 0.4 | AQ9: 2 | AR9: 5 | AS9: =AT9/AU9 -> 0.5 | AT9: 1 | AU9: 2 | AV9: 5 | AW9: 5 | AX9: 2 | AY9: 2 | AZ9: =BA9/BB9 -> 0 | BA9: 0 | BB9: 5 | BC9: — | BF9: 5 | BG9: 5 | BH9: — | BJ9: =BK9/BL9 -> 0 | BK9: 0 | BL9: 2 | BM9: — | BP9: 2 | BQ9: 2 | BR9: — | BT9: =BU9/BV9 -> 0.3333333333333333 | BU9: 1 | BV9: 3 | BW9: — | BZ9: 3 | CA9: 3 | CB9: — | CD9: =CE9/CF9 -> 0 | CE9: 0 | CF9: 2 | CG9: =CH9/CI9 -> 0 | CH9: 0 | CI9: 1 | CJ9: 2 | CK9: 2 | CL9: 1 | CM9: 1 | CN9: =CO9/CP9 -> 0.3333333333333333 | CO9: 1 | CP9: 3 | CQ9: — | CT9: 3 | CU9: 3 | CV9: — | CX9: =CY9/CZ9 -> 0 | CY9: 0 | CZ9: 2 | DA9: =DB9/DC9 -> 0 | DB9: 0 | DC9: 1 | DD9: 2 | DE9: 2 | DF9: 1 | DG9: 1 | DH9: =DI9/DJ9 -> 0.3333333333333333 | DI9: 1 | DJ9: 3 | DK9: =DL9/DM9 -> 0 | DL9: 0 | DM9: 1 | DN9: 3 | DO9: 3 | DP9: 1 | DQ9: 1 | DR9: =DS9/DT9 -> 0 | DS9: 0 | DT9: 1 | DU9: — | DX9: 1 | DY9: 1 | DZ9: — | EB9: =EC9/ED9 -> 0.25 | EC9: 2 | ED9: 8 | EE9: — | EH9: 8 | EI9: 8 | EJ9: — | EL9: =EM9/EN9 -> 0.27692307692307694 | EM9: 18 | EN9: 65 | EO9: =EP9/EQ9 -> 0.2222222222222222 | EP9: 2 | EQ9: 9 | ER9: 65 | ES9: 65 | ET9: 9 | EU9: 9
A10: 예시 강남구청 | B10: =C10/D10 -> 0.1111111111111111 | C10: 1 | D10: 9 | E10: =F10/G10 -> 0 | F10: 0 | G10: 1 | H10: 9 | I10: 9 | J10: 1 | K10: 1 | L10: =M10/N10 -> 0.6 | M10: 3 | N10: 5 | O10: — | R10: 5 | S10: 5 | T10: — | V10: =W10/X10 -> 0.3333333333333333 | W10: 2 | X10: 6 | Y10: =Z10/AA10 -> 0.5 | Z10: 1 | AA10: 2 | AB10: 6 | AC10: 6 | AD10: 2 | AE10: 2 | AF10: =AG10/AH10 -> 0.3333333333333333 | AG10: 1 | AH10: 3 | AI10: =AJ10/AK10 -> 1 | AJ10: 1 | AK10: 1 | AL10: 3 | AM10: 3 | AN10: 1 | AO10: 1 | AP10: =AQ10/AR10 -> 0.3333333333333333 | AQ10: 1 | AR10: 3 | AS10: — | AV10: 3 | AW10: 3 | AX10: — | AZ10: =BA10/BB10 -> 0.25 | BA10: 1 | BB10: 4 | BC10: =BD10/BE10 -> 0 | BD10: 0 | BE10: 1 | BF10: 4 | BG10: 4 | BH10: 1 | BI10: 1 | BJ10: =BK10/BL10 -> 0 | BK10: 0 | BL10: 4 | BM10: =BN10/BO10 -> 0 | BN10: 0 | BO10: 1 | BP10: 4 | BQ10: 4 | BR10: 1 | BS10: 1 | BT10: =BU10/BV10 -> 0 | BU10: 0 | BV10: 2 | BW10: =BX10/BY10 -> 0 | BX10: 0 | BY10: 1 | BZ10: 2 | CA10: 2 | CB10: 1 | CC10: 1 | CD10: =CE10/CF10 -> 0 | CE10: 0 | CF10: 1 | CG10: =CH10/CI10 -> 0 | CH10: 0 | CI10: 1 | CJ10: 1 | CK10: 1 | CL10: 1 | CM10: 1 | CN10: =CO10/CP10 -> 0 | CO10: 0 | CP10: 1 | CQ10: — | CT10: 1 | CU10: 1 | CV10: — | CX10: =CY10/CZ10 -> 0 | CY10: 0 | CZ10: 1 | DA10: — | DD10: 1 | DE10: 1 | DF10: — | DH10: =DI10/DJ10 -> 0.6666666666666666 | DI10: 2 | DJ10: 3 | DK10: =DL10/DM10 -> 1 | DL10: 1 | DM10: 1 | DN10: 3 | DO10: 3 | DP10: 1 | DQ10: 1 | DR10: =DS10/DT10 -> 0.3333333333333333 | DS10: 1 | DT10: 3 | DU10: =DV10/DW10 -> 1 | DV10: 1 | DW10: 1 | DX10: 3 | DY10: 3 | DZ10: 1 | EA10: 1 | EB10: =EC10/ED10 -> 0.25 | EC10: 2 | ED10: 8 | EE10: =EF10/EG10 -> 0.5 | EF10: 1 | EG10: 2 | EH10: 8 | EI10: 8 | EJ10: 2 | EK10: 2 | EL10: =EM10/EN10 -> 0.2641509433962264 | EM10: 14 | EN10: 53 | EO10: =EP10/EQ10 -> 0.4166666666666667 | EP10: 5 | EQ10: 12 | ER10: 53 | ES10: 53 | ET10: 12 | EU10: 12
A11: 예시 수원시청 | B11: =C11/D11 -> 0.4444444444444444 | C11: 4 | D11: 9 | E11: — | H11: 9 | I11: 9 | J11: — | L11: =M11/N11 -> 0 | M11: 0 | N11: 4 | O11: =P11/Q11 -> 0 | P11: 0 | Q11: 1 | R11: 4 | S11: 4 | T11: 1 | U11: 1 | V11: =W11/X11 -> 0 | W11: 0 | X11: 2 | Y11: — | AB11: 2 | AC11: 2 | AD11: — | AF11: =AG11/AH11 -> 0.5 | AG11: 1 | AH11: 2 | AI11: — | AL11: 2 | AM11: 2 | AN11: — | AP11: =AQ11/AR11 -> 0.4 | AQ11: 2 | AR11: 5 | AS11: =AT11/AU11 -> 0.5 | AT11: 1 | AU11: 2 | AV11: 5 | AW11: 5 | AX11: 2 | AY11: 2 | AZ11: =BA11/BB11 -> 0.25 | BA11: 1 | BB11: 4 | BC11: — | BF11: 4 | BG11: 4 | BH11: — | BJ11: =BK11/BL11 -> 0 | BK11: 0 | BL11: 3 | BM11: =BN11/BO11 -> 0 | BN11: 0 | BO11: 2 | BP11: 3 | BQ11: 3 | BR11: 2 | BS11: 2 | BT11: =BU11/BV11 -> 0 | BU11: 0 | BV11: 4 | BW11: — | BZ11: 4 | CA11: 4 | CB11: — | CD11: =CE11/CF11 -> 0.2 | CE11: 1 | CF11: 5 | CG11: =CH11/CI11 -> 0 | CH11: 0 | CI11: 1 | CJ11: 5 | CK11: 5 | CL11: 1 | CM11: 1 | CN11: =CO11/CP11 -> 0 | CO11: 0 | CP11: 1 | CQ11: =CR11/CS11 -> 0 | CR11: 0 | CS11: 1 | CT11: 1 | CU11: 1 | CV11: 1 | CW11: 1 | CX11: =CY11/CZ11 -> 0 | CY11: 0 | CZ11: 2 | DA11: — | DD11: 2 | DE11: 2 | DF11: — | DH11: =DI11/DJ11 -> 0 | DI11: 0 | DJ11: 1 | DK11: — | DN11: 1 | DO11: 1 | DP11: — | DR11: =DS11/DT11 -> 0.6666666666666666 | DS11: 2 | DT11: 3 | DU11: =DV11/DW11 -> 1 | DV11: 1 | DW11: 1 | DX11: 3 | DY11: 3 | DZ11: 1 | EA11: 1 | EB11: =EC11/ED11 -> 0.3333333333333333 | EC11: 2 | ED11: 6 | EE11: =EF11/EG11 -> 0 | EF11: 0 | EG11: 2 | EH11: 6 | EI11: 6 | EJ11: 2 | EK11: 2 | EL11: =EM11/EN11 -> 0.2549019607843137 | EM11: 13 | EN11: 51 | EO11: =EP11/EQ11 -> 0.2 | EP11: 2 | EQ11: 10 | ER11: 51 | ES11: 51 | ET11: 10 | EU11: 10
A12: 예시 인천남동경찰서 | B12: =C12/D12 -> 0.2857142857142857 | C12: 2 | D12: 7 | E12: — | H12: 7 | I12: 7 | J12: — | L12: =M12/N12 -> 0 | M12: 0 | N12: 1 | O12: — | R12: 1 | S12: 1 | T12: — | V12: =W12/X12 -> 0 | W12: 0 | X12: 1 | Y12: — | AB12: 1 | AC12: 1 | AD12: — | AF12: =AG12/AH12 -> 0 | AG12: 0 | AH12: 3 | AI12: — | AL12: 3 | AM12: 3 | AN12: — | AP12: =AQ12/AR12 -> 0 | AQ12: 0 | AR12: 1 | AS12: — | AV12: 1 | AW12: 1 | AX12: — | AZ12: — | BC12: — | BF12: — | BH12: — | BJ12: =BK12/BL12 -> 0.3333333333333333 | BK12: 1 | BL12: 3 | BM12: — | BP12: 3 | BQ12: 3 | BR12: — | BT12: =BU12/BV12 -> 1 | BU12: 1 | BV12: 1 | BW12: — | BZ12: 1 | CA12: 1 | CB12: — | CD12: =CE12/CF12 -> 0.5 | CE12: 1 | CF12: 2 | CG12: — | CJ12: 2 | CK12: 2 | CL12: — | CN12: =CO12/CP12 -> 0.5 | CO12: 1 | CP12: 2 | CQ12: — | CT12: 2 | CU12: 2 | CV12: — | CX12: =CY12/CZ12 -> 0.5 | CY12: 1 | CZ12: 2 | DA12: — | DD12: 2 | DE12: 2 | DF12: — | DH12: — | DK12: — | DN12: — | DP12: — | DR12: — | DU12: — | DX12: — | DZ12: — | EB12: =EC12/ED12 -> 0 | EC12: 0 | ED12: 4 | EE12: — | EH12: 4 | EI12: 4 | EJ12: — | EL12: =EM12/EN12 -> 0.25925925925925924 | EM12: 7 | EN12: 27 | EO12: — | ER12: 27 | ES12: 27 | ET12: —
A13: 예시 해운대구청 | B13: =C13/D13 -> 0.3333333333333333 | C13: 1 | D13: 3 | E13: — | H13: 3 | I13: 3 | J13: — | L13: =M13/N13 -> 1 | M13: 2 | N13: 2 | O13: — | R13: 2 | S13: 2 | T13: — | V13: =W13/X13 -> 0.5 | W13: 1 | X13: 2 | Y13: — | AB13: 2 | AC13: 2 | AD13: — | AF13: =AG13/AH13 -> 1 | AG13: 1 | AH13: 1 | AI13: — | AL13: 1 | AM13: 1 | AN13: — | AP13: — | AS13: — | AV13: — | AX13: — | AZ13: =BA13/BB13 -> 0 | BA13: 0 | BB13: 2 | BC13: — | BF13: 2 | BG13: 2 | BH13: — | BJ13: — | BM13: — | BP13: — | BR13: — | BT13: =BU13/BV13 -> 0.3333333333333333 | BU13: 1 | BV13: 3 | BW13: — | BZ13: 3 | CA13: 3 | CB13: — | CD13: — | CG13: — | CJ13: — | CL13: — | CN13: =CO13/CP13 -> 0 | CO13: 0 | CP13: 1 | CQ13: — | CT13: 1 | CU13: 1 | CV13: — | CX13: — | DA13: — | DD13: — | DF13: — | DH13: — | DK13: — | DN13: — | DP13: — | DR13: — | DU13: — | DX13: — | DZ13: — | EB13: =EC13/ED13 -> 0.16666666666666666 | EC13: 1 | ED13: 6 | EE13: — | EH13: 6 | EI13: 6 | EJ13: — | EL13: =EM13/EN13 -> 0.35 | EM13: 7 | EN13: 20 | EO13: — | ER13: 20 | ES13: 20 | ET13: —
A14: 예시 부산연제경찰서 | B14: =C14/D14 -> 0 | C14: 0 | D14: 2 | E14: — | H14: 2 | I14: 2 | J14: — | L14: =M14/N14 -> 0.3333333333333333 | M14: 1 | N14: 3 | O14: — | R14: 3 | S14: 3 | T14: — | V14: =W14/X14 -> 0 | W14: 0 | X14: 1 | Y14: — | AB14: 1 | AC14: 1 | AD14: — | AF14: =AG14/AH14 -> 0 | AG14: 0 | AH14: 2 | AI14: — | AL14: 2 | AM14: 2 | AN14: — | AP14: — | AS14: — | AV14: — | AX14: — | AZ14: =BA14/BB14 -> 1 | BA14: 1 | BB14: 1 | BC14: — | BF14: 1 | BG14: 1 | BH14: — | BJ14: =BK14/BL14 -> 0 | BK14: 0 | BL14: 1 | BM14: — | BP14: 1 | BQ14: 1 | BR14: — | BT14: =BU14/BV14 -> 0 | BU14: 0 | BV14: 1 | BW14: — | BZ14: 1 | CA14: 1 | CB14: — | CD14: — | CG14: — | CJ14: — | CL14: — | CN14: =CO14/CP14 -> 0 | CO14: 0 | CP14: 1 | CQ14: — | CT14: 1 | CU14: 1 | CV14: — | CX14: =CY14/CZ14 -> 0 | CY14: 0 | CZ14: 1 | DA14: — | DD14: 1 | DE14: 1 | DF14: — | DH14: =DI14/DJ14 -> 0 | DI14: 0 | DJ14: 2 | DK14: — | DN14: 2 | DO14: 2 | DP14: — | DR14: — | DU14: — | DX14: — | DZ14: — | EB14: =EC14/ED14 -> 0.3333333333333333 | EC14: 1 | ED14: 3 | EE14: — | EH14: 3 | EI14: 3 | EJ14: — | EL14: =EM14/EN14 -> 0.16666666666666666 | EM14: 3 | EN14: 18 | EO14: — | ER14: 18 | ES14: 18 | ET14: —
A15: 예시 대전서구청 | B15: =C15/D15 -> 0.5 | C15: 1 | D15: 2 | E15: — | H15: 2 | I15: 2 | J15: — | L15: — | O15: — | R15: — | T15: — | V15: =W15/X15 -> 0 | W15: 0 | X15: 2 | Y15: — | AB15: 2 | AC15: 2 | AD15: — | AF15: =AG15/AH15 -> 0.6666666666666666 | AG15: 2 | AH15: 3 | AI15: — | AL15: 3 | AM15: 3 | AN15: — | AP15: — | AS15: — | AV15: — | AX15: — | AZ15: — | BC15: — | BF15: — | BH15: — | BJ15: =BK15/BL15 -> 0 | BK15: 0 | BL15: 1 | BM15: — | BP15: 1 | BQ15: 1 | BR15: — | BT15: — | BW15: — | BZ15: — | CB15: — | CD15: =CE15/CF15 -> 0 | CE15: 0 | CF15: 2 | CG15: — | CJ15: 2 | CK15: 2 | CL15: — | CN15: =CO15/CP15 -> 0 | CO15: 0 | CP15: 2 | CQ15: — | CT15: 2 | CU15: 2 | CV15: — | CX15: =CY15/CZ15 -> 1 | CY15: 1 | CZ15: 1 | DA15: — | DD15: 1 | DE15: 1 | DF15: — | DH15: =DI15/DJ15 -> 0 | DI15: 0 | DJ15: 1 | DK15: — | DN15: 1 | DO15: 1 | DP15: — | DR15: =DS15/DT15 -> 0.5 | DS15: 1 | DT15: 2 | DU15: — | DX15: 2 | DY15: 2 | DZ15: — | EB15: =EC15/ED15 -> 0 | EC15: 0 | ED15: 1 | EE15: — | EH15: 1 | EI15: 1 | EJ15: — | EL15: =EM15/EN15 -> 0.29411764705882354 | EM15: 5 | EN15: 17 | EO15: — | ER15: 17 | ES15: 17 | ET15: —
A16: 예시 제주시청 | B16: =C16/D16 -> 1 | C16: 1 | D16: 1 | E16: =F16/G16 -> 1 | F16: 1 | G16: 1 | H16: 1 | I16: 1 | J16: 1 | K16: 1 | L16: =M16/N16 -> 0 | M16: 0 | N16: 2 | O16: — | R16: 2 | S16: 2 | T16: — | V16: =W16/X16 -> 0 | W16: 0 | X16: 1 | Y16: — | AB16: 1 | AC16: 1 | AD16: — | AF16: — | AI16: — | AL16: — | AN16: — | AP16: — | AS16: — | AV16: — | AX16: — | AZ16: =BA16/BB16 -> 1 | BA16: 1 | BB16: 1 | BC16: — | BF16: 1 | BG16: 1 | BH16: — | BJ16: =BK16/BL16 -> 0 | BK16: 0 | BL16: 1 | BM16: — | BP16: 1 | BQ16: 1 | BR16: — | BT16: =BU16/BV16 -> 0.6666666666666666 | BU16: 2 | BV16: 3 | BW16: — | BZ16: 3 | CA16: 3 | CB16: — | CD16: =CE16/CF16 -> 0 | CE16: 0 | CF16: 1 | CG16: — | CJ16: 1 | CK16: 1 | CL16: — | CN16: — | CQ16: — | CT16: — | CV16: — | CX16: =CY16/CZ16 -> 0 | CY16: 0 | CZ16: 1 | DA16: — | DD16: 1 | DE16: 1 | DF16: — | DH16: =DI16/DJ16 -> 0 | DI16: 0 | DJ16: 1 | DK16: — | DN16: 1 | DO16: 1 | DP16: — | DR16: =DS16/DT16 -> 0 | DS16: 0 | DT16: 1 | DU16: — | DX16: 1 | DY16: 1 | DZ16: — | EB16: =EC16/ED16 -> 0 | EC16: 0 | ED16: 1 | EE16: — | EH16: 1 | EI16: 1 | EJ16: — | EL16: =EM16/EN16 -> 0.2857142857142857 | EM16: 4 | EN16: 14 | EO16: =EP16/EQ16 -> 1 | EP16: 1 | EQ16: 1 | ER16: 14 | ES16: 14 | ET16: 1 | EU16: 1
A17: 예시 광주북구청 | B17: =C17/D17 -> 1 | C17: 1 | D17: 1 | E17: — | H17: 1 | I17: 1 | J17: — | L17: =M17/N17 -> 0.5 | M17: 1 | N17: 2 | O17: — | R17: 2 | S17: 2 | T17: — | V17: =W17/X17 -> 0 | W17: 0 | X17: 2 | Y17: — | AB17: 2 | AC17: 2 | AD17: — | AF17: =AG17/AH17 -> 0 | AG17: 0 | AH17: 1 | AI17: — | AL17: 1 | AM17: 1 | AN17: — | AP17: =AQ17/AR17 -> 0 | AQ17: 0 | AR17: 1 | AS17: — | AV17: 1 | AW17: 1 | AX17: — | AZ17: — | BC17: — | BF17: — | BH17: — | BJ17: =BK17/BL17 -> 0 | BK17: 0 | BL17: 1 | BM17: — | BP17: 1 | BQ17: 1 | BR17: — | BT17: — | BW17: — | BZ17: — | CB17: — | CD17: =CE17/CF17 -> 0.5 | CE17: 1 | CF17: 2 | CG17: — | CJ17: 2 | CK17: 2 | CL17: — | CN17: =CO17/CP17 -> 0 | CO17: 0 | CP17: 2 | CQ17: — | CT17: 2 | CU17: 2 | CV17: — | CX17: — | DA17: — | DD17: — | DF17: — | DH17: — | DK17: — | DN17: — | DP17: — | DR17: — | DU17: — | DX17: — | DZ17: — | EB17: =EC17/ED17 -> 0.5 | EC17: 1 | ED17: 2 | EE17: — | EH17: 2 | EI17: 2 | EJ17: — | EL17: =EM17/EN17 -> 0.2857142857142857 | EM17: 4 | EN17: 14 | EO17: — | ER17: 14 | ES17: 14 | ET17: —
A18: 합계 | B18: =C18/D18 -> 0.3375796178343949 | C18: 53 | D18: 157 | E18: =F18/G18 -> 0.3333333333333333 | F18: 1 | G18: 3 | H18: 157 | I18: 157 | J18: 3 | K18: 3 | L18: =M18/N18 -> 0.45454545454545453 | M18: 15 | N18: 33 | O18: =P18/Q18 -> 0.5 | P18: 1 | Q18: 2 | R18: 33 | S18: 33 | T18: 2 | U18: 2 | V18: =W18/X18 -> 0.21739130434782608 | W18: 5 | X18: 23 | Y18: =Z18/AA18 -> 0.3333333333333333 | Z18: 1 | AA18: 3 | AB18: 23 | AC18: 23 | AD18: 3 | AE18: 3 | AF18: =AG18/AH18 -> 0.2727272727272727 | AG18: 6 | AH18: 22 | AI18: =AJ18/AK18 -> 0.5 | AJ18: 1 | AK18: 2 | AL18: 22 | AM18: 22 | AN18: 2 | AO18: 2 | AP18: =AQ18/AR18 -> 0.3333333333333333 | AQ18: 6 | AR18: 18 | AS18: =AT18/AU18 -> 0.5 | AT18: 2 | AU18: 4 | AV18: 18 | AW18: 18 | AX18: 4 | AY18: 4 | AZ18: =BA18/BB18 -> 0.2777777777777778 | BA18: 5 | BB18: 18 | BC18: =BD18/BE18 -> 0 | BD18: 0 | BE18: 1 | BF18: 18 | BG18: 18 | BH18: 1 | BI18: 1 | BJ18: =BK18/BL18 -> 0.0625 | BK18: 1 | BL18: 16 | BM18: =BN18/BO18 -> 0 | BN18: 0 | BO18: 3 | BP18: 16 | BQ18: 16 | BR18: 3 | BS18: 3 | BT18: =BU18/BV18 -> 0.2777777777777778 | BU18: 5 | BV18: 18 | BW18: =BX18/BY18 -> 0 | BX18: 0 | BY18: 1 | BZ18: 18 | CA18: 18 | CB18: 1 | CC18: 1 | CD18: =CE18/CF18 -> 0.2 | CE18: 3 | CF18: 15 | CG18: =CH18/CI18 -> 0 | CH18: 0 | CI18: 3 | CJ18: 15 | CK18: 15 | CL18: 3 | CM18: 3 | CN18: =CO18/CP18 -> 0.21428571428571427 | CO18: 3 | CP18: 14 | CQ18: =CR18/CS18 -> 0 | CR18: 0 | CS18: 1 | CT18: 14 | CU18: 14 | CV18: 1 | CW18: 1 | CX18: =CY18/CZ18 -> 0.23076923076923078 | CY18: 3 | CZ18: 13 | DA18: =DB18/DC18 -> 0 | DB18: 0 | DC18: 1 | DD18: 13 | DE18: 13 | DF18: 1 | DG18: 1 | DH18: =DI18/DJ18 -> 0.2727272727272727 | DI18: 3 | DJ18: 11 | DK18: =DL18/DM18 -> 0.5 | DL18: 1 | DM18: 2 | DN18: 11 | DO18: 11 | DP18: 2 | DQ18: 2 | DR18: =DS18/DT18 -> 0.4 | DS18: 4 | DT18: 10 | DU18: =DV18/DW18 -> 1 | DV18: 2 | DW18: 2 | DX18: 10 | DY18: 10 | DZ18: 2 | EA18: 2 | EB18: =EC18/ED18 -> 0.21428571428571427 | EC18: 9 | ED18: 42 | EE18: =EF18/EG18 -> 0.25 | EF18: 1 | EG18: 4 | EH18: 42 | EI18: 42 | EJ18: 4 | EK18: 4 | EL18: =EM18/EN18 -> 0.2951219512195122 | EM18: 121 | EN18: 410 | EO18: =EP18/EQ18 -> 0.3125 | EP18: 10 | EQ18: 32 | ER18: 410 | ES18: 410 | ET18: 32 | EU18: 32
A20: 합계·행 합계는 칸을 더하거나 평균한 값이 아니라 서버가 원 신고에서 다시 계산한 값입니다(비율 1/1과 9/99의 합계는 10/100 = 10%).
A21: 비율 칸은 같은 행의 분자 ÷ 분모 수식입니다(분모가 0이면 수식 대신 ‘분모 없음’). 비율 서식은 0~100%이며 칸의 실제 값은 0~1입니다.
A22: 중앙값·P90·고유 건수 같은 값은 서버가 확정한 값입니다(이 파일의 칸으로 다시 계산할 수 없습니다).
A23: ‘—’는 그 조합의 답변 신고가 없다는 뜻이며 0이 아닙니다.
A24: 전체와 내 신고는 겹치는 집합이라 더하지 않습니다. 내 신고는 이 파일을 내보낸 사람의 신고입니다.

Sheet 차트
A1: 맞춤 통계 · 기관 × 위반법규 · 과태료처분율, 답변 건수 · 차트
A3: 과태료처분율 · 전체 히트맵
A4: 색은 조건부 서식(값을 바꾸면 색도 바뀜) · 척도 0~100% · 빈 칸은 그 조합의 신고가 없다는 뜻(0 아님) · 전체와 내 신고 표는 같은 행·열 순서
A5: 기관 | B5: 도로교통법 제32조 | C5: 도로교통법 제5조 | D5: 도로교통법 제33조 | E5: 도로교통법 제27조 | F5: 도로교통법 제34조 | G5: 도로교통법 제35조 | H5: 도로교통법 제49조 | I5: 자동차관리법 제10조 | J5: 도로교통법 제38조 | K5: 도로교통법 제13조 | L5: 주차장법 제29조 | M5: 도로교통법 제5조의2 | N5: 도로교통법 제25조 | O5: 법규 미상
A6: 예시 대구수성경찰서 | B6: ='통계표'!$B$8 -> 0.3565217391304348 | C6: ='통계표'!$L$8 -> 0.5 | E6: ='통계표'!$AF$8 -> 0 | F6: ='통계표'!$AP$8 -> 0.3333333333333333 | G6: ='통계표'!$AZ$8 -> 1 | I6: ='통계표'!$BT$8 -> 0 | K6: ='통계표'!$CN$8 -> 1 | L6: ='통계표'!$CX$8 -> 0.3333333333333333 | O6: ='통계표'!$EB$8 -> 0
A7: 예시 서울중부경찰서 | B7: ='통계표'!$B$9 -> 0.125 | C7: ='통계표'!$L$9 -> 0.5833333333333334 | D7: ='통계표'!$V$9 -> 0.3333333333333333 | E7: ='통계표'!$AF$9 -> 0.2 | F7: ='통계표'!$AP$9 -> 0.4 | G7: ='통계표'!$AZ$9 -> 0 | H7: ='통계표'!$BJ$9 -> 0 | I7: ='통계표'!$BT$9 -> 0.3333333333333333 | J7: ='통계표'!$CD$9 -> 0 | K7: ='통계표'!$CN$9 -> 0.3333333333333333 | L7: ='통계표'!$CX$9 -> 0 | M7: ='통계표'!$DH$9 -> 0.3333333333333333 | N7: ='통계표'!$DR$9 -> 0 | O7: ='통계표'!$EB$9 -> 0.25
A8: 예시 강남구청 | B8: ='통계표'!$B$10 -> 0.1111111111111111 | C8: ='통계표'!$L$10 -> 0.6 | D8: ='통계표'!$V$10 -> 0.3333333333333333 | E8: ='통계표'!$AF$10 -> 0.3333333333333333 | F8: ='통계표'!$AP$10 -> 0.3333333333333333 | G8: ='통계표'!$AZ$10 -> 0.25 | H8: ='통계표'!$BJ$10 -> 0 | I8: ='통계표'!$BT$10 -> 0 | J8: ='통계표'!$CD$10 -> 0 | K8: ='통계표'!$CN$10 -> 0 | L8: ='통계표'!$CX$10 -> 0 | M8: ='통계표'!$DH$10 -> 0.6666666666666666 | N8: ='통계표'!$DR$10 -> 0.3333333333333333 | O8: ='통계표'!$EB$10 -> 0.25
A9: 예시 수원시청 | B9: ='통계표'!$B$11 -> 0.4444444444444444 | C9: ='통계표'!$L$11 -> 0 | D9: ='통계표'!$V$11 -> 0 | E9: ='통계표'!$AF$11 -> 0.5 | F9: ='통계표'!$AP$11 -> 0.4 | G9: ='통계표'!$AZ$11 -> 0.25 | H9: ='통계표'!$BJ$11 -> 0 | I9: ='통계표'!$BT$11 -> 0 | J9: ='통계표'!$CD$11 -> 0.2 | K9: ='통계표'!$CN$11 -> 0 | L9: ='통계표'!$CX$11 -> 0 | M9: ='통계표'!$DH$11 -> 0 | N9: ='통계표'!$DR$11 -> 0.6666666666666666 | O9: ='통계표'!$EB$11 -> 0.3333333333333333
A10: 예시 인천남동경찰서 | B10: ='통계표'!$B$12 -> 0.2857142857142857 | C10: ='통계표'!$L$12 -> 0 | D10: ='통계표'!$V$12 -> 0 | E10: ='통계표'!$AF$12 -> 0 | F10: ='통계표'!$AP$12 -> 0 | H10: ='통계표'!$BJ$12 -> 0.3333333333333333 | I10: ='통계표'!$BT$12 -> 1 | J10: ='통계표'!$CD$12 -> 0.5 | K10: ='통계표'!$CN$12 -> 0.5 | L10: ='통계표'!$CX$12 -> 0.5 | O10: ='통계표'!$EB$12 -> 0
A11: 예시 해운대구청 | B11: ='통계표'!$B$13 -> 0.3333333333333333 | C11: ='통계표'!$L$13 -> 1 | D11: ='통계표'!$V$13 -> 0.5 | E11: ='통계표'!$AF$13 -> 1 | G11: ='통계표'!$AZ$13 -> 0 | I11: ='통계표'!$BT$13 -> 0.3333333333333333 | K11: ='통계표'!$CN$13 -> 0 | O11: ='통계표'!$EB$13 -> 0.16666666666666666
A12: 예시 부산연제경찰서 | B12: ='통계표'!$B$14 -> 0 | C12: ='통계표'!$L$14 -> 0.3333333333333333 | D12: ='통계표'!$V$14 -> 0 | E12: ='통계표'!$AF$14 -> 0 | G12: ='통계표'!$AZ$14 -> 1 | H12: ='통계표'!$BJ$14 -> 0 | I12: ='통계표'!$BT$14 -> 0 | K12: ='통계표'!$CN$14 -> 0 | L12: ='통계표'!$CX$14 -> 0 | M12: ='통계표'!$DH$14 -> 0 | O12: ='통계표'!$EB$14 -> 0.3333333333333333
A13: 예시 대전서구청 | B13: ='통계표'!$B$15 -> 0.5 | D13: ='통계표'!$V$15 -> 0 | E13: ='통계표'!$AF$15 -> 0.6666666666666666 | H13: ='통계표'!$BJ$15 -> 0 | J13: ='통계표'!$CD$15 -> 0 | K13: ='통계표'!$CN$15 -> 0 | L13: ='통계표'!$CX$15 -> 1 | M13: ='통계표'!$DH$15 -> 0 | N13: ='통계표'!$DR$15 -> 0.5 | O13: ='통계표'!$EB$15 -> 0
A14: 예시 제주시청 | B14: ='통계표'!$B$16 -> 1 | C14: ='통계표'!$L$16 -> 0 | D14: ='통계표'!$V$16 -> 0 | G14: ='통계표'!$AZ$16 -> 1 | H14: ='통계표'!$BJ$16 -> 0 | I14: ='통계표'!$BT$16 -> 0.6666666666666666 | J14: ='통계표'!$CD$16 -> 0 | L14: ='통계표'!$CX$16 -> 0 | M14: ='통계표'!$DH$16 -> 0 | N14: ='통계표'!$DR$16 -> 0 | O14: ='통계표'!$EB$16 -> 0
A15: 예시 광주북구청 | B15: ='통계표'!$B$17 -> 1 | C15: ='통계표'!$L$17 -> 0.5 | D15: ='통계표'!$V$17 -> 0 | E15: ='통계표'!$AF$17 -> 0 | F15: ='통계표'!$AP$17 -> 0 | H15: ='통계표'!$BJ$17 -> 0 | J15: ='통계표'!$CD$17 -> 0.5 | K15: ='통계표'!$CN$17 -> 0 | O15: ='통계표'!$EB$17 -> 0.5
A18: 과태료처분율 · 내 신고 히트맵
A19: 색은 조건부 서식(값을 바꾸면 색도 바뀜) · 척도 0~100% · 빈 칸은 그 조합의 신고가 없다는 뜻(0 아님) · 전체와 내 신고 표는 같은 행·열 순서
A20: 기관 | B20: 도로교통법 제32조 | C20: 도로교통법 제5조 | D20: 도로교통법 제33조 | E20: 도로교통법 제27조 | F20: 도로교통법 제34조 | G20: 도로교통법 제35조 | H20: 도로교통법 제49조 | I20: 자동차관리법 제10조 | J20: 도로교통법 제38조 | K20: 도로교통법 제13조 | L20: 주차장법 제29조 | M20: 도로교통법 제5조의2 | N20: 도로교통법 제25조 | O20: 법규 미상
A21: 예시 대구수성경찰서
A22: 예시 서울중부경찰서 | B22: ='통계표'!$E$9 -> 0 | C22: ='통계표'!$O$9 -> 1 | D22: ='통계표'!$Y$9 -> 0 | E22: ='통계표'!$AI$9 -> 0 | F22: ='통계표'!$AS$9 -> 0.5 | J22: ='통계표'!$CG$9 -> 0 | L22: ='통계표'!$DA$9 -> 0 | M22: ='통계표'!$DK$9 -> 0
A23: 예시 강남구청 | B23: ='통계표'!$E$10 -> 0 | D23: ='통계표'!$Y$10 -> 0.5 | E23: ='통계표'!$AI$10 -> 1 | G23: ='통계표'!$BC$10 -> 0 | H23: ='통계표'!$BM$10 -> 0 | I23: ='통계표'!$BW$10 -> 0 | J23: ='통계표'!$CG$10 -> 0 | M23: ='통계표'!$DK$10 -> 1 | N23: ='통계표'!$DU$10 -> 1 | O23: ='통계표'!$EE$10 -> 0.5
A24: 예시 수원시청 | C24: ='통계표'!$O$11 -> 0 | F24: ='통계표'!$AS$11 -> 0.5 | H24: ='통계표'!$BM$11 -> 0 | J24: ='통계표'!$CG$11 -> 0 | K24: ='통계표'!$CQ$11 -> 0 | N24: ='통계표'!$DU$11 -> 1 | O24: ='통계표'!$EE$11 -> 0
A25: 예시 인천남동경찰서
A26: 예시 해운대구청
A27: 예시 부산연제경찰서
A28: 예시 대전서구청
A29: 예시 제주시청 | B29: ='통계표'!$E$16 -> 1
A30: 예시 광주북구청

Sheet 차트 데이터
A1: 차트 데이터
A2: 차트가 읽는 집계 칸입니다(개별 신고가 아닙니다). 값 칸은 ‘통계표’ 시트의 칸을 가리키는 수식이라 통계표의 분자·분모를 고치면 차트도 바뀝니다. 이 시트의 값 칸에 숫자를 직접 넣어도 차트에 반영되지만 통계표와는 달라집니다. 빈 칸은 값이 없다는 뜻(0 아님)입니다.

Sheet 조회 조건
A1: 맞춤 통계 · 기관 × 위반법규 · 과태료처분율, 답변 건수 · 조회 조건
A3: 내보낸 시각 | B3: 2026-09-29 18:45:27 (Asia/Seoul)
A4: 자료 버전 | B4: e2e-synthetic-1
A5: 기간 | B5: 2025-09-30 — 2026-09-29 (Asia/Seoul 날짜, 양 끝 포함)
A6: 날짜 기준 | B6: 답변 받은 날
A7: 대상 범위 | B7: 전국 · 모든 분류
A8: 누구의 신고 | B8: 전체와 내 신고(내보낸 사람) 비교
A9: 행 | B9: 기관
A10: 열 | B10: 위반법규
A11: 지표 | B11: 과태료처분율, 답변 건수
A12: 비교 대상 | B12: 고르지 않음(전체)
A13: 답변 신고 | B13: 전체 410건 내 신고 32건
A14: 표 정렬 | B14: 서버 순서
... A19: 이 파일 | B19: 조회 당시 집계 결과의 snapshot입니다. Excel에서 자료를 다시 불러오지 않으며, 지도 사이트의 최신 자료와 다를 수 있습니다. 개별 신고·차량번호·신고번호·계정 정보는 들어 있지 않습니다. 파일을 다른 사람에게 보내면 그 안의 집계와 이름을 볼 수 있습니다.
