Workbook

Sheet 통계표
A1: 월별 추이 · 건수
A2: 2026-09-29 18:45:37 (Asia/Seoul) 기준 집계 snapshot · 조건은 ‘조회 조건’ 시트
B4: 건수 | C4: 건수 | D4: 건수 | E4: 건수 | F4: 전체 | G4: 전체 | H4: 전체 | I4: 전체 | J4: 전체 | K4: 전체 | L4: 전체 | M4: 전체 | N4: 전체 | O4: 내 신고 | P4: 내 신고 | Q4: 내 신고 | R4: 내 신고 | S4: 내 신고 | T4: 내 신고 | U4: 내 신고 | V4: 내 신고 | W4: 내 신고
A5: 월 | B5: 건수 · 신고(건, 신고한 달) | C5: 건수 · 답변 완료(건, 답변 받은 달) | D5: 건수 · 내 신고(건, 신고한 달) | E5: 건수 · 내 답변 완료(건) | F5: 전체 · 결과 확인(건) | G5: 전체 · 수용(건) | H5: 전체 · 일부수용(건) | I5: 전체 · 불수용(건) | J5: 전체 · 과태료(건) | K5: 전체 · 수용률 (A/K) | L5: 전체 · 불수용률 (R/K) | M5: 전체 · 일부수용률 (P/K) | N5: 전체 · 과태료처분율 (F/C) | O5: 내 신고 · 결과 확인(건) | P5: 내 신고 · 수용(건) | Q5: 내 신고 · 일부수용(건) | R5: 내 신고 · 불수용(건) | S5: 내 신고 · 과태료(건) | T5: 내 신고 · 수용률 (A/K) | U5: 내 신고 · 불수용률 (R/K) | V5: 내 신고 · 일부수용률 (P/K) | W5: 내 신고 · 과태료처분율 (F/C) | X5: 비고
A6: 45901 | B6: 0 | C6: 1 | D6: 0 | E6: 0 | F6: 1 | G6: 1 | H6: 0 | I6: 0 | J6: 0 | K6: =G6/F6 -> 1 | L6: =I6/F6 -> 0 | M6: =H6/F6 -> 0 | N6: =J6/C6 -> 0 | O6: 0 | P6: 0 | Q6: 0 | R6: 0 | S6: 0 | T6: 분모 없음 | U6: 분모 없음 | V6: 분모 없음 | W6: 분모 없음
A7: 45931 | B7: 30 | C7: 21 | D7: 3 | E7: 3 | F7: 16 | G7: 11 | H7: 0 | I7: 5 | J7: 8 | K7: =G7/F7 -> 0.6875 | L7: =I7/F7 -> 0.3125 | M7: =H7/F7 -> 0 | N7: =J7/C7 -> 0.38095238095238093 | O7: 3 | P7: 3 | Q7: 0 | R7: 0 | S7: 2 | T7: =P7/O7 -> 1 | U7: =R7/O7 -> 0 | V7: =Q7/O7 -> 0 | W7: =S7/E7 -> 0.6666666666666666
A8: 45962 | B8: 19 | C8: 27 | D8: 1 | E8: 1 | F8: 24 | G8: 14 | H8: 6 | I8: 4 | J8: 8 | K8: =G8/F8 -> 0.5833333333333334 | L8: =I8/F8 -> 0.16666666666666666 | M8: =H8/F8 -> 0.25 | N8: =J8/C8 -> 0.2962962962962963 | O8: 1 | P8: 0 | Q8: 1 | R8: 0 | S8: 0 | T8: =P8/O8 -> 0 | U8: =R8/O8 -> 0 | V8: =Q8/O8 -> 1 | W8: =S8/E8 -> 0
A9: 45992 | B9: 24 | C9: 20 | D9: 1 | E9: 1 | F9: 19 | G9: 12 | H9: 3 | I9: 4 | J9: 7 | K9: =G9/F9 -> 0.631578947368421 | L9: =I9/F9 -> 0.21052631578947367 | M9: =H9/F9 -> 0.15789473684210525 | N9: =J9/C9 -> 0.35 | O9: 1 | P9: 1 | Q9: 0 | R9: 0 | S9: 0 | T9: =P9/O9 -> 1 | U9: =R9/O9 -> 0 | V9: =Q9/O9 -> 0 | W9: =S9/E9 -> 0
A10: 46023 | B10: 18 | C10: 22 | D10: 2 | E10: 2 | F10: 19 | G10: 13 | H10: 1 | I10: 5 | J10: 6 | K10: =G10/F10 -> 0.6842105263157895 | L10: =I10/F10 -> 0.2631578947368421 | M10: =H10/F10 -> 0.05263157894736842 | N10: =J10/C10 -> 0.2727272727272727 | O10: 2 | P10: 1 | Q10: 0 | R10: 1 | S10: 0 | T10: =P10/O10 -> 0.5 | U10: =R10/O10 -> 0.5 | V10: =Q10/O10 -> 0 | W10: =S10/E10 -> 0
A11: 46054 | B11: 24 | C11: 20 | D11: 3 | E11: 3 | F11: 18 | G11: 12 | H11: 3 | I11: 3 | J11: 11 | K11: =G11/F11 -> 0.6666666666666666 | L11: =I11/F11 -> 0.16666666666666666 | M11: =H11/F11 -> 0.16666666666666666 | N11: =J11/C11 -> 0.55 | O11: 3 | P11: 3 | Q11: 0 | R11: 0 | S11: 2 | T11: =P11/O11 -> 1 | U11: =R11/O11 -> 0 | V11: =Q11/O11 -> 0 | W11: =S11/E11 -> 0.6666666666666666
A12: 46082 | B12: 33 | C12: 25 | D12: 4 | E12: 2 | F12: 19 | G12: 12 | H12: 3 | I12: 4 | J12: 5 | K12: =G12/F12 -> 0.631578947368421 | L12: =I12/F12 -> 0.21052631578947367 | M12: =H12/F12 -> 0.15789473684210525 | N12: =J12/C12 -> 0.2 | O12: 1 | P12: 1 | Q12: 0 | R12: 0 | S12: 0 | T12: =P12/O12 -> 1 | U12: =R12/O12 -> 0 | V12: =Q12/O12 -> 0 | W12: =S12/E12 -> 0
A13: 46113 | B13: 21 | C13: 32 | D13: 3 | E13: 4 | F13: 29 | G13: 21 | H13: 1 | I13: 7 | J13: 10 | K13: =G13/F13 -> 0.7241379310344828 | L13: =I13/F13 -> 0.2413793103448276 | M13: =H13/F13 -> 0.034482758620689655 | N13: =J13/C13 -> 0.3125 | O13: 4 | P13: 4 | Q13: 0 | R13: 0 | S13: 1 | T13: =P13/O13 -> 1 | U13: =R13/O13 -> 0 | V13: =Q13/O13 -> 0 | W13: =S13/E13 -> 0.25
A14: 46143 | B14: 22 | C14: 22 | D14: 5 | E14: 3 | F14: 20 | G14: 8 | H14: 1 | I14: 11 | J14: 2 | K14: =G14/F14 -> 0.4 | L14: =I14/F14 -> 0.55 | M14: =H14/F14 -> 0.05 | N14: =J14/C14 -> 0.09090909090909091 | O14: 2 | P14: 1 | Q14: 0 | R14: 1 | S14: 0 | T14: =P14/O14 -> 0.5 | U14: =R14/O14 -> 0.5 | V14: =Q14/O14 -> 0 | W14: =S14/E14 -> 0
A15: 46174 | B15: 29 | C15: 18 | D15: 3 | E15: 4 | F15: 15 | G15: 7 | H15: 2 | I15: 6 | J15: 1 | K15: =G15/F15 -> 0.4666666666666667 | L15: =I15/F15 -> 0.4 | M15: =H15/F15 -> 0.13333333333333333 | N15: =J15/C15 -> 0.05555555555555555 | O15: 4 | P15: 3 | Q15: 0 | R15: 1 | S15: 1 | T15: =P15/O15 -> 0.75 | U15: =R15/O15 -> 0.25 | V15: =Q15/O15 -> 0 | W15: =S15/E15 -> 0.25
A16: 46204 | B16: 25 | C16: 34 | D16: 2 | E16: 4 | F16: 32 | G16: 19 | H16: 7 | I16: 6 | J16: 9 | K16: =G16/F16 -> 0.59375 | L16: =I16/F16 -> 0.1875 | M16: =H16/F16 -> 0.21875 | N16: =J16/C16 -> 0.2647058823529412 | O16: 4 | P16: 4 | Q16: 0 | R16: 0 | S16: 3 | T16: =P16/O16 -> 1 | U16: =R16/O16 -> 0 | V16: =Q16/O16 -> 0 | W16: =S16/E16 -> 0.75
A17: 46235 | B17: 21 | C17: 23 | D17: 3 | E17: 1 | F17: 19 | G17: 9 | H17: 5 | I17: 5 | J17: 6 | K17: =G17/F17 -> 0.47368421052631576 | L17: =I17/F17 -> 0.2631578947368421 | M17: =H17/F17 -> 0.2631578947368421 | N17: =J17/C17 -> 0.2608695652173913 | O17: 1 | P17: 1 | Q17: 0 | R17: 0 | S17: 0 | T17: =P17/O17 -> 1 | U17: =R17/O17 -> 0 | V17: =Q17/O17 -> 0 | W17: =S17/E17 -> 0
A18: 46266 | B18: 131 | C18: 145 | D18: 1 | E18: 4 | F18: 112 | G18: 46 | H18: 33 | I18: 33 | J18: 48 | K18: =G18/F18 -> 0.4107142857142857 | L18: =I18/F18 -> 0.29464285714285715 | M18: =H18/F18 -> 0.29464285714285715 | N18: =J18/C18 -> 0.3310344827586207 | O18: 4 | P18: 3 | Q18: 1 | R18: 0 | S18: 1 | T18: =P18/O18 -> 0.75 | U18: =R18/O18 -> 0 | V18: =Q18/O18 -> 0.25 | W18: =S18/E18 -> 0.25 | X18: 진행 중인 달
A20: 비율 칸은 같은 행의 분자 ÷ 분모 수식입니다. 월은 그 달 1일의 날짜 값(yyyy-mm 서식)입니다.
A21: 이번 달(진행 중)은 아직 끝나지 않아 다른 달보다 적을 수 있습니다.

Sheet 차트
A1: 월별 추이 · 건수 · 차트
A3: 월별 신고·답변 건수
A4: 신고는 신고한 달, 답변은 답변 받은 달에 셉니다. 자료가 없는 달은 선을 끊습니다.

Sheet 차트 데이터
A1: 차트 데이터
A2: 차트가 읽는 집계 칸입니다(개별 신고가 아닙니다). 값 칸은 ‘통계표’ 시트의 칸을 가리키는 수식이라 통계표의 분자·분모를 고치면 차트도 바뀝니다. 이 시트의 값 칸에 숫자를 직접 넣어도 차트에 반영되지만 통계표와는 달라집니다. 빈 칸은 값이 없다는 뜻(0 아님)입니다.
A4: 월별 신고·답변 건수
A5: 월 | B5: 신고 | C5: 답변 완료 | D5: 내 신고
A6: 2025-09 | B6: ='통계표'!$B$6 -> 0 | C6: ='통계표'!$C$6 -> 1 | D6: ='통계표'!$D$6 -> 0
A7: 2025-10 | B7: ='통계표'!$B$7 -> 30 | C7: ='통계표'!$C$7 -> 21 | D7: ='통계표'!$D$7 -> 3
A8: 2025-11 | B8: ='통계표'!$B$8 -> 19 | C8: ='통계표'!$C$8 -> 27 | D8: ='통계표'!$D$8 -> 1
A9: 2025-12 | B9: ='통계표'!$B$9 -> 24 | C9: ='통계표'!$C$9 -> 20 | D9: ='통계표'!$D$9 -> 1
A10: 2026-01 | B10: ='통계표'!$B$10 -> 18 | C10: ='통계표'!$C$10 -> 22 | D10: ='통계표'!$D$10 -> 2
A11: 2026-02 | B11: ='통계표'!$B$11 -> 24 | C11: ='통계표'!$C$11 -> 20 | D11: ='통계표'!$D$11 -> 3
A12: 2026-03 | B12: ='통계표'!$B$12 -> 33 | C12: ='통계표'!$C$12 -> 25 | D12: ='통계표'!$D$12 -> 4
A13: 2026-04 | B13: ='통계표'!$B$13 -> 21 | C13: ='통계표'!$C$13 -> 32 | D13: ='통계표'!$D$13 -> 3
A14: 2026-05 | B14: ='통계표'!$B$14 -> 22 | C14: ='통계표'!$C$14 -> 22 | D14: ='통계표'!$D$14 -> 5
A15: 2026-06 | B15: ='통계표'!$B$15 -> 29 | C15: ='통계표'!$C$15 -> 18 | D15: ='통계표'!$D$15 -> 3
A16: 2026-07 | B16: ='통계표'!$B$16 -> 25 | C16: ='통계표'!$C$16 -> 34 | D16: ='통계표'!$D$16 -> 2
A17: 2026-08 | B17: ='통계표'!$B$17 -> 21 | C17: ='통계표'!$C$17 -> 23 | D17: ='통계표'!$D$17 -> 3
A18: 2026-09 | B18: ='통계표'!$B$18 -> 131 | C18: ='통계표'!$C$18 -> 145 | D18: ='통계표'!$D$18 -> 1

Sheet 조회 조건
A1: 월별 추이 · 건수 · 조회 조건
A3: 내보낸 시각 | B3: 2026-09-29 18:45:37 (Asia/Seoul)
A4: 자료 버전 | B4: e2e-synthetic-1
A5: 기간 | B5: 2025-09-30 — 2026-09-29 (Asia/Seoul 날짜, 양 끝 포함)
A6: 대상 범위 | B6: 전국 · 모든 분류
A7: 보기 | B7: 건수(신고·답변)
A8: 내 신고 비교 | B8: 포함(내 신고는 이 파일을 내보낸 사람의 신고)
A9: 계산식 | B9: 수용률 = 수용 ÷ 결과 확인(수용+일부수용+불수용) · 일부수용률 = 일부수용 ÷ 결과 확인 · 불수용률 = 불수용 ÷ 결과 확인 · 과태료처분율 = 과태료 ÷ 답변 완료. 결과 미상은 결과 확인에서 빠집니다.
A10: 빈 값 | B10: 분모 없음 = 그 달의 분모가 0 · 서버 미지원 = 서버가 그 항목을 보내지 않음 · 자료 없음 = 자료 범위 밖. 모두 0이 아닙니다.
A11: 이 파일 | B11: 조회 당시 집계 결과의 snapshot입니다. Excel에서 자료를 다시 불러오지 않으며, 지도 사이트의 최신 자료와 다를 수 있습니다. 개별 신고·차량번호·신고번호·계정 정보는 들어 있지 않습니다. 파일을 다른 사람에게 보내면 그 안의 집계와 이름을 볼 수 있습니다.
