Workbook

Sheet 통계표
A1: 이 범위의 담당자별 처리 현황
A2: 2026-10-04 00:35:08 (한국 시간)에 내려받은 결과입니다. 조건은 ‘조회 조건’ 시트에 있습니다.
C4: 건수 | D4: 건수 | E4: 건수 | F4: 건수 | G4: 건수 | H4: 건수 | I4: 건수 | J4: 건수 | K4: 비율 | L4: 비율 | M4: 비율 | N4: 비율 | O4: 비율
A5: 담당자 | B5: 소속 기관 | C5: 건수 · 답변 | D5: 건수 · 분류된 답변 | E5: 건수 · 미분류 | F5: 건수 · 수용 | G5: 건수 · 일부 수용 | H5: 건수 · 불수용 | I5: 건수 · 과태료 처분 | J5: 건수 · 과태료 외 처분 | K5: 비율 · 수용률 | L5: 비율 · 일부수용률 | M5: 비율 · 불수용률 | N5: 비율 · 과태료 부과율 | O5: 비율 · 과태료 외 비율
A6: 김하늘 (서울중부경찰서) | B6: 예시 서울중부경찰서 | C6: 37 | D6: 29 | E6: 8 | F6: 19 | G6: 6 | H6: 4 | I6: 12 | J6: 25 | K6: =F6/D6 -> 0.6551724137931034 | L6: =G6/D6 -> 0.20689655172413793 | M6: =H6/D6 -> 0.13793103448275862 | N6: =I6/C6 -> 0.32432432432432434 | O6: =J6/C6 -> 0.6756756756756757
A7: 정하은 | B7: 예시 수원시청 | C7: 35 | D7: 30 | E7: 5 | F7: 20 | G7: 3 | H7: 7 | I7: 9 | J7: 26 | K7: =F7/D7 -> 0.6666666666666666 | L7: =G7/D7 -> 0.1 | M7: =H7/D7 -> 0.23333333333333334 | N7: =I7/C7 -> 0.2571428571428571 | O7: =J7/C7 -> 0.7428571428571429
A8: 이서윤 | B8: 예시 강남구청 | C8: 34 | D8: 30 | E8: 4 | F8: 22 | G8: 1 | H8: 7 | I8: 9 | J8: 25 | K8: =F8/D8 -> 0.7333333333333333 | L8: =G8/D8 -> 0.03333333333333333 | M8: =H8/D8 -> 0.23333333333333334 | N8: =I8/C8 -> 0.2647058823529412 | O8: =J8/C8 -> 0.7352941176470589
A9: 박도윤 | B9: 예시 서울중부경찰서 | C9: 27 | D9: 24 | E9: 3 | F9: 12 | G9: 5 | H9: 7 | I9: 6 | J9: 21 | K9: =F9/D9 -> 0.5 | L9: =G9/D9 -> 0.20833333333333334 | M9: =H9/D9 -> 0.2916666666666667 | N9: =I9/C9 -> 0.2222222222222222 | O9: =J9/C9 -> 0.7777777777777778
A10: 강지호 | B10: 예시 인천남동경찰서 | C10: 27 | D10: 25 | E10: 2 | F10: 7 | G10: 6 | H10: 12 | I10: 7 | J10: 20 | K10: =F10/D10 -> 0.28 | L10: =G10/D10 -> 0.24 | M10: =H10/D10 -> 0.48 | N10: =I10/C10 -> 0.25925925925925924 | O10: =J10/C10 -> 0.7407407407407407
A11: 최민준 | B11: 예시 강남구청 | C11: 19 | D11: 17 | E11: 2 | F11: 11 | G11: 2 | H11: 4 | I11: 5 | J11: 14 | K11: =F11/D11 -> 0.6470588235294118 | L11: =G11/D11 -> 0.11764705882352941 | M11: =H11/D11 -> 0.23529411764705882 | N11: =I11/C11 -> 0.2631578947368421 | O11: =J11/C11 -> 0.7368421052631579
A12: 윤서아 | B12: 예시 대전서구청 | C12: 17 | D12: 16 | E12: 1 | F12: 9 | G12: 2 | H12: 5 | I12: 5 | J12: 12 | K12: =F12/D12 -> 0.5625 | L12: =G12/D12 -> 0.125 | M12: =H12/D12 -> 0.3125 | N12: =I12/C12 -> 0.29411764705882354 | O12: =J12/C12 -> 0.7058823529411765
A13: 서지안 | B13: 예시 부산연제경찰서 | C13: 17 | D13: 14 | E13: 3 | F13: 8 | G13: 1 | H13: 5 | I13: 2 | J13: 15 | K13: =F13/D13 -> 0.5714285714285714 | L13: =G13/D13 -> 0.07142857142857142 | M13: =H13/D13 -> 0.35714285714285715 | N13: =I13/C13 -> 0.11764705882352941 | O13: =J13/C13 -> 0.8823529411764706
A14: 김하늘 (수원시청) | B14: 예시 수원시청 | C14: 16 | D14: 14 | E14: 2 | F14: 8 | G14: 2 | H14: 4 | I14: 4 | J14: 12 | K14: =F14/D14 -> 0.5714285714285714 | L14: =G14/D14 -> 0.14285714285714285 | M14: =H14/D14 -> 0.2857142857142857 | N14: =I14/C14 -> 0.25 | O14: =J14/C14 -> 0.75
A15: 임준서 | B15: 예시 대구수성경찰서 | C15: 15 | D15: 13 | E15: 2 | F15: 7 | G15: 3 | H15: 3 | I15: 4 | J15: 11 | K15: =F15/D15 -> 0.5384615384615384 | L15: =G15/D15 -> 0.23076923076923078 | M15: =H15/D15 -> 0.23076923076923078 | N15: =I15/C15 -> 0.26666666666666666 | O15: =J15/C15 -> 0.7333333333333333
A16: 신우진 | B16: 예시 해운대구청 | C16: 15 | D16: 14 | E16: 1 | F16: 8 | G16: 2 | H16: 4 | I16: 5 | J16: 10 | K16: =F16/D16 -> 0.5714285714285714 | L16: =G16/D16 -> 0.14285714285714285 | M16: =H16/D16 -> 0.2857142857142857 | N16: =I16/C16 -> 0.3333333333333333 | O16: =J16/C16 -> 0.6666666666666666
A17: 오예린 | B17: 예시 광주북구청 | C17: 14 | D17: 10 | E17: 4 | F17: 6 | G17: 2 | H17: 2 | I17: 4 | J17: 10 | K17: =F17/D17 -> 0.6 | L17: =G17/D17 -> 0.2 | M17: =H17/D17 -> 0.2 | N17: =I17/C17 -> 0.2857142857142857 | O17: =J17/C17 -> 0.7142857142857143
... A23: 합성담당003 | B23: 예시 대구수성경찰서 | C23: 1 | D23: 1 | E23: 0 | F23: 0 | G23: 0 | H23: 1 | I23: 0 | J23: 1 | K23: =F23/D23 -> 0 | L23: =G23/D23 -> 0 | M23: =H23/D23 -> 1 | N23: =I23/C23 -> 0 | O23: =J23/C23 -> 1
A24: 합성담당004 | B24: 예시 대구수성경찰서 | C24: 1 | D24: 0 | E24: 1 | F24: 0 | G24: 0 | H24: 0 | I24: 1 | J24: 0 | K24: 계산 불가 | L24: 계산 불가 | M24: 계산 불가 | N24: =I24/C24 -> 1 | O24: =J24/C24 -> 0
A25: 합성담당005 | B25: 예시 대구수성경찰서 | C25: 1 | D25: 1 | E25: 0 | F25: 1 | G25: 0 | H25: 0 | I25: 0 | J25: 1 | K25: =F25/D25 -> 1 | L25: =G25/D25 -> 0 | M25: =H25/D25 -> 0 | N25: =I25/C25 -> 0 | O25: =J25/C25 -> 1
A26: 합성담당006 | B26: 예시 대구수성경찰서 | C26: 1 | D26: 1 | E26: 0 | F26: 0 | G26: 1 | H26: 0 | I26: 0 | J26: 1 | K26: =F26/D26 -> 0 | L26: =G26/D26 -> 1 | M26: =H26/D26 -> 0 | N26: =I26/C26 -> 0 | O26: =J26/C26 -> 1
A27: 합성담당007 | B27: 예시 대구수성경찰서 | C27: 1 | D27: 1 | E27: 0 | F27: 0 | G27: 0 | H27: 1 | I27: 1 | J27: 0 | K27: =F27/D27 -> 0 | L27: =G27/D27 -> 0 | M27: =H27/D27 -> 1 | N27: =I27/C27 -> 1 | O27: =J27/C27 -> 0
A28: 합성담당008 | B28: 예시 대구수성경찰서 | C28: 1 | D28: 0 | E28: 1 | F28: 0 | G28: 0 | H28: 0 | I28: 0 | J28: 1 | K28: 계산 불가 | L28: 계산 불가 | M28: 계산 불가 | N28: =I28/C28 -> 0 | O28: =J28/C28 -> 1
A29: 합성담당009 | B29: 예시 대구수성경찰서 | C29: 1 | D29: 1 | E29: 0 | F29: 1 | G29: 0 | H29: 0 | I29: 0 | J29: 1 | K29: =F29/D29 -> 1 | L29: =G29/D29 -> 0 | M29: =H29/D29 -> 0 | N29: =I29/C29 -> 0 | O29: =J29/C29 -> 1
A30: 합성담당010 | B30: 예시 대구수성경찰서 | C30: 1 | D30: 1 | E30: 0 | F30: 0 | G30: 1 | H30: 0 | I30: 1 | J30: 0 | K30: =F30/D30 -> 0 | L30: =G30/D30 -> 1 | M30: =H30/D30 -> 0 | N30: =I30/C30 -> 1 | O30: =J30/C30 -> 0
A31: 합성담당011 | B31: 예시 대구수성경찰서 | C31: 1 | D31: 1 | E31: 0 | F31: 0 | G31: 0 | H31: 1 | I31: 0 | J31: 1 | K31: =F31/D31 -> 0 | L31: =G31/D31 -> 0 | M31: =H31/D31 -> 1 | N31: =I31/C31 -> 0 | O31: =J31/C31 -> 1
A32: 합성담당012 | B32: 예시 대구수성경찰서 | C32: 1 | D32: 0 | E32: 1 | F32: 0 | G32: 0 | H32: 0 | I32: 0 | J32: 1 | K32: 계산 불가 | L32: 계산 불가 | M32: 계산 불가 | N32: =I32/C32 -> 0 | O32: =J32/C32 -> 1
A33: 합성담당013 | B33: 예시 대구수성경찰서 | C33: 1 | D33: 1 | E33: 0 | F33: 1 | G33: 0 | H33: 0 | I33: 1 | J33: 0 | K33: =F33/D33 -> 1 | L33: =G33/D33 -> 0 | M33: =H33/D33 -> 0 | N33: =I33/C33 -> 1 | O33: =J33/C33 -> 0
A34: 합성담당014 | B34: 예시 대구수성경찰서 | C34: 1 | D34: 1 | E34: 0 | F34: 0 | G34: 1 | H34: 0 | I34: 0 | J34: 1 | K34: =F34/D34 -> 0 | L34: =G34/D34 -> 1 | M34: =H34/D34 -> 0 | N34: =I34/C34 -> 0 | O34: =J34/C34 -> 1
A35: 합성담당015 | B35: 예시 대구수성경찰서 | C35: 1 | D35: 1 | E35: 0 | F35: 0 | G35: 0 | H35: 1 | I35: 0 | J35: 1 | K35: =F35/D35 -> 0 | L35: =G35/D35 -> 0 | M35: =H35/D35 -> 1 | N35: =I35/C35 -> 0 | O35: =J35/C35 -> 1
A36: 합성담당016 | B36: 예시 대구수성경찰서 | C36: 1 | D36: 0 | E36: 1 | F36: 0 | G36: 0 | H36: 0 | I36: 1 | J36: 0 | K36: 계산 불가 | L36: 계산 불가 | M36: 계산 불가 | N36: =I36/C36 -> 1 | O36: =J36/C36 -> 0
A37: 합성담당017 | B37: 예시 대구수성경찰서 | C37: 1 | D37: 1 | E37: 0 | F37: 1 | G37: 0 | H37: 0 | I37: 0 | J37: 1 | K37: =F37/D37 -> 1 | L37: =G37/D37 -> 0 | M37: =H37/D37 -> 0 | N37: =I37/C37 -> 0 | O37: =J37/C37 -> 1
A38: 합성담당018 | B38: 예시 대구수성경찰서 | C38: 1 | D38: 1 | E38: 0 | F38: 0 | G38: 1 | H38: 0 | I38: 0 | J38: 1 | K38: =F38/D38 -> 0 | L38: =G38/D38 -> 1 | M38: =H38/D38 -> 0 | N38: =I38/C38 -> 0 | O38: =J38/C38 -> 1
A39: 합성담당019 | B39: 예시 대구수성경찰서 | C39: 1 | D39: 1 | E39: 0 | F39: 0 | G39: 0 | H39: 1 | I39: 1 | J39: 0 | K39: =F39/D39 -> 0 | L39: =G39/D39 -> 0 | M39: =H39/D39 -> 1 | N39: =I39/C39 -> 1 | O39: =J39/C39 -> 0
A40: 합성담당020 | B40: 예시 대구수성경찰서 | C40: 1 | D40: 0 | E40: 1 | F40: 0 | G40: 0 | H40: 0 | I40: 0 | J40: 1 | K40: 계산 불가 | L40: 계산 불가 | M40: 계산 불가 | N40: =I40/C40 -> 0 | O40: =J40/C40 -> 1
A41: 합성담당021 | B41: 예시 대구수성경찰서 | C41: 1 | D41: 1 | E41: 0 | F41: 1 | G41: 0 | H41: 0 | I41: 0 | J41: 1 | K41: =F41/D41 -> 1 | L41: =G41/D41 -> 0 | M41: =H41/D41 -> 0 | N41: =I41/C41 -> 0 | O41: =J41/C41 -> 1
A42: 합성담당022 | B42: 예시 대구수성경찰서 | C42: 1 | D42: 1 | E42: 0 | F42: 0 | G42: 1 | H42: 0 | I42: 1 | J42: 0 | K42: =F42/D42 -> 0 | L42: =G42/D42 -> 1 | M42: =H42/D42 -> 0 | N42: =I42/C42 -> 1 | O42: =J42/C42 -> 0
A43: 합성담당023 | B43: 예시 대구수성경찰서 | C43: 1 | D43: 1 | E43: 0 | F43: 0 | G43: 0 | H43: 1 | I43: 0 | J43: 1 | K43: =F43/D43 -> 0 | L43: =G43/D43 -> 0 | M43: =H43/D43 -> 1 | N43: =I43/C43 -> 0 | O43: =J43/C43 -> 1
A44: 합성담당024 | B44: 예시 대구수성경찰서 | C44: 1 | D44: 0 | E44: 1 | F44: 0 | G44: 0 | H44: 0 | I44: 0 | J44: 1 | K44: 계산 불가 | L44: 계산 불가 | M44: 계산 불가 | N44: =I44/C44 -> 0 | O44: =J44/C44 -> 1
A45: 합성담당025 | B45: 예시 대구수성경찰서 | C45: 1 | D45: 1 | E45: 0 | F45: 1 | G45: 0 | H45: 0 | I45: 1 | J45: 0 | K45: =F45/D45 -> 1 | L45: =G45/D45 -> 0 | M45: =H45/D45 -> 0 | N45: =I45/C45 -> 1 | O45: =J45/C45 -> 0
A46: 합성담당026 | B46: 예시 대구수성경찰서 | C46: 1 | D46: 1 | E46: 0 | F46: 0 | G46: 1 | H46: 0 | I46: 0 | J46: 1 | K46: =F46/D46 -> 0 | L46: =G46/D46 -> 1 | M46: =H46/D46 -> 0 | N46: =I46/C46 -> 0 | O46: =J46/C46 -> 1
A47: 합성담당027 | B47: 예시 대구수성경찰서 | C47: 1 | D47: 1 | E47: 0 | F47: 0 | G47: 0 | H47: 1 | I47: 0 | J47: 1 | K47: =F47/D47 -> 0 | L47: =G47/D47 -> 0 | M47: =H47/D47 -> 1 | N47: =I47/C47 -> 0 | O47: =J47/C47 -> 1
A48: 합성담당028 | B48: 예시 대구수성경찰서 | C48: 1 | D48: 0 | E48: 1 | F48: 0 | G48: 0 | H48: 0 | I48: 1 | J48: 0 | K48: 계산 불가 | L48: 계산 불가 | M48: 계산 불가 | N48: =I48/C48 -> 1 | O48: =J48/C48 -> 0
A49: 합성담당029 | B49: 예시 대구수성경찰서 | C49: 1 | D49: 1 | E49: 0 | F49: 1 | G49: 0 | H49: 0 | I49: 0 | J49: 1 | K49: =F49/D49 -> 1 | L49: =G49/D49 -> 0 | M49: =H49/D49 -> 0 | N49: =I49/C49 -> 0 | O49: =J49/C49 -> 1
A50: 합성담당030 | B50: 예시 대구수성경찰서 | C50: 1 | D50: 1 | E50: 0 | F50: 0 | G50: 1 | H50: 0 | I50: 0 | J50: 1 | K50: =F50/D50 -> 0 | L50: =G50/D50 -> 1 | M50: =H50/D50 -> 0 | N50: =I50/C50 -> 0 | O50: =J50/C50 -> 1
A51: 합성담당031 | B51: 예시 대구수성경찰서 | C51: 1 | D51: 1 | E51: 0 | F51: 0 | G51: 0 | H51: 1 | I51: 1 | J51: 0 | K51: =F51/D51 -> 0 | L51: =G51/D51 -> 0 | M51: =H51/D51 -> 1 | N51: =I51/C51 -> 1 | O51: =J51/C51 -> 0
A52: 합성담당032 | B52: 예시 대구수성경찰서 | C52: 1 | D52: 0 | E52: 1 | F52: 0 | G52: 0 | H52: 0 | I52: 0 | J52: 1 | K52: 계산 불가 | L52: 계산 불가 | M52: 계산 불가 | N52: =I52/C52 -> 0 | O52: =J52/C52 -> 1
A53: 합성담당033 | B53: 예시 대구수성경찰서 | C53: 1 | D53: 1 | E53: 0 | F53: 1 | G53: 0 | H53: 0 | I53: 0 | J53: 1 | K53: =F53/D53 -> 1 | L53: =G53/D53 -> 0 | M53: =H53/D53 -> 0 | N53: =I53/C53 -> 0 | O53: =J53/C53 -> 1
A54: 합성담당034 | B54: 예시 대구수성경찰서 | C54: 1 | D54: 1 | E54: 0 | F54: 0 | G54: 1 | H54: 0 | I54: 1 | J54: 0 | K54: =F54/D54 -> 0 | L54: =G54/D54 -> 1 | M54: =H54/D54 -> 0 | N54: =I54/C54 -> 1 | O54: =J54/C54 -> 0
A55: 합성담당035 | B55: 예시 대구수성경찰서 | C55: 1 | D55: 1 | E55: 0 | F55: 0 | G55: 0 | H55: 1 | I55: 0 | J55: 1 | K55: =F55/D55 -> 0 | L55: =G55/D55 -> 0 | M55: =H55/D55 -> 1 | N55: =I55/C55 -> 0 | O55: =J55/C55 -> 1
A56: 합성담당036 | B56: 예시 대구수성경찰서 | C56: 1 | D56: 0 | E56: 1 | F56: 0 | G56: 0 | H56: 0 | I56: 0 | J56: 1 | K56: 계산 불가 | L56: 계산 불가 | M56: 계산 불가 | N56: =I56/C56 -> 0 | O56: =J56/C56 -> 1
A57: 합성담당037 | B57: 예시 대구수성경찰서 | C57: 1 | D57: 1 | E57: 0 | F57: 1 | G57: 0 | H57: 0 | I57: 1 | J57: 0 | K57: =F57/D57 -> 1 | L57: =G57/D57 -> 0 | M57: =H57/D57 -> 0 | N57: =I57/C57 -> 1 | O57: =J57/C57 -> 0
A58: 합성담당038 | B58: 예시 대구수성경찰서 | C58: 1 | D58: 1 | E58: 0 | F58: 0 | G58: 1 | H58: 0 | I58: 0 | J58: 1 | K58: =F58/D58 -> 0 | L58: =G58/D58 -> 1 | M58: =H58/D58 -> 0 | N58: =I58/C58 -> 0 | O58: =J58/C58 -> 1
A59: 합성담당039 | B59: 예시 대구수성경찰서 | C59: 1 | D59: 1 | E59: 0 | F59: 0 | G59: 0 | H59: 1 | I59: 0 | J59: 1 | K59: =F59/D59 -> 0 | L59: =G59/D59 -> 0 | M59: =H59/D59 -> 1 | N59: =I59/C59 -> 0 | O59: =J59/C59 -> 1
A60: 합성담당040 | B60: 예시 대구수성경찰서 | C60: 1 | D60: 0 | E60: 1 | F60: 0 | G60: 0 | H60: 0 | I60: 1 | J60: 0 | K60: 계산 불가 | L60: 계산 불가 | M60: 계산 불가 | N60: =I60/C60 -> 1 | O60: =J60/C60 -> 0
A61: 합성담당041 | B61: 예시 대구수성경찰서 | C61: 1 | D61: 1 | E61: 0 | F61: 1 | G61: 0 | H61: 0 | I61: 0 | J61: 1 | K61: =F61/D61 -> 1 | L61: =G61/D61 -> 0 | M61: =H61/D61 -> 0 | N61: =I61/C61 -> 0 | O61: =J61/C61 -> 1
A62: 합성담당042 | B62: 예시 대구수성경찰서 | C62: 1 | D62: 1 | E62: 0 | F62: 0 | G62: 1 | H62: 0 | I62: 0 | J62: 1 | K62: =F62/D62 -> 0 | L62: =G62/D62 -> 1 | M62: =H62/D62 -> 0 | N62: =I62/C62 -> 0 | O62: =J62/C62 -> 1
A63: 합성담당043 | B63: 예시 대구수성경찰서 | C63: 1 | D63: 1 | E63: 0 | F63: 0 | G63: 0 | H63: 1 | I63: 1 | J63: 0 | K63: =F63/D63 -> 0 | L63: =G63/D63 -> 0 | M63: =H63/D63 -> 1 | N63: =I63/C63 -> 1 | O63: =J63/C63 -> 0
A64: 합성담당044 | B64: 예시 대구수성경찰서 | C64: 1 | D64: 0 | E64: 1 | F64: 0 | G64: 0 | H64: 0 | I64: 0 | J64: 1 | K64: 계산 불가 | L64: 계산 불가 | M64: 계산 불가 | N64: =I64/C64 -> 0 | O64: =J64/C64 -> 1
A65: 합성담당045 | B65: 예시 대구수성경찰서 | C65: 1 | D65: 1 | E65: 0 | F65: 1 | G65: 0 | H65: 0 | I65: 0 | J65: 1 | K65: =F65/D65 -> 1 | L65: =G65/D65 -> 0 | M65: =H65/D65 -> 0 | N65: =I65/C65 -> 0 | O65: =J65/C65 -> 1
A66: 합성담당046 | B66: 예시 대구수성경찰서 | C66: 1 | D66: 1 | E66: 0 | F66: 0 | G66: 1 | H66: 0 | I66: 1 | J66: 0 | K66: =F66/D66 -> 0 | L66: =G66/D66 -> 1 | M66: =H66/D66 -> 0 | N66: =I66/C66 -> 1 | O66: =J66/C66 -> 0
A67: 합성담당047 | B67: 예시 대구수성경찰서 | C67: 1 | D67: 1 | E67: 0 | F67: 0 | G67: 0 | H67: 1 | I67: 0 | J67: 1 | K67: =F67/D67 -> 0 | L67: =G67/D67 -> 0 | M67: =H67/D67 -> 1 | N67: =I67/C67 -> 0 | O67: =J67/C67 -> 1
A68: 합성담당048 | B68: 예시 대구수성경찰서 | C68: 1 | D68: 0 | E68: 1 | F68: 0 | G68: 0 | H68: 0 | I68: 0 | J68: 1 | K68: 계산 불가 | L68: 계산 불가 | M68: 계산 불가 | N68: =I68/C68 -> 0 | O68: =J68/C68 -> 1
A69: 합성담당049 | B69: 예시 대구수성경찰서 | C69: 1 | D69: 1 | E69: 0 | F69: 1 | G69: 0 | H69: 0 | I69: 1 | J69: 0 | K69: =F69/D69 -> 1 | L69: =G69/D69 -> 0 | M69: =H69/D69 -> 0 | N69: =I69/C69 -> 1 | O69: =J69/C69 -> 0
A70: 합성담당050 | B70: 예시 대구수성경찰서 | C70: 1 | D70: 1 | E70: 0 | F70: 0 | G70: 1 | H70: 0 | I70: 0 | J70: 1 | K70: =F70/D70 -> 0 | L70: =G70/D70 -> 1 | M70: =H70/D70 -> 0 | N70: =I70/C70 -> 0 | O70: =J70/C70 -> 1
A71: 합성담당051 | B71: 예시 대구수성경찰서 | C71: 1 | D71: 1 | E71: 0 | F71: 0 | G71: 0 | H71: 1 | I71: 0 | J71: 1 | K71: =F71/D71 -> 0 | L71: =G71/D71 -> 0 | M71: =H71/D71 -> 1 | N71: =I71/C71 -> 0 | O71: =J71/C71 -> 1
A72: 합성담당052 | B72: 예시 대구수성경찰서 | C72: 1 | D72: 0 | E72: 1 | F72: 0 | G72: 0 | H72: 0 | I72: 1 | J72: 0 | K72: 계산 불가 | L72: 계산 불가 | M72: 계산 불가 | N72: =I72/C72 -> 1 | O72: =J72/C72 -> 0
A73: 합성담당053 | B73: 예시 대구수성경찰서 | C73: 1 | D73: 1 | E73: 0 | F73: 1 | G73: 0 | H73: 0 | I73: 0 | J73: 1 | K73: =F73/D73 -> 1 | L73: =G73/D73 -> 0 | M73: =H73/D73 -> 0 | N73: =I73/C73 -> 0 | O73: =J73/C73 -> 1
A74: 합성담당054 | B74: 예시 대구수성경찰서 | C74: 1 | D74: 1 | E74: 0 | F74: 0 | G74: 1 | H74: 0 | I74: 0 | J74: 1 | K74: =F74/D74 -> 0 | L74: =G74/D74 -> 1 | M74: =H74/D74 -> 0 | N74: =I74/C74 -> 0 | O74: =J74/C74 -> 1
A75: 합성담당055 | B75: 예시 대구수성경찰서 | C75: 1 | D75: 1 | E75: 0 | F75: 0 | G75: 0 | H75: 1 | I75: 1 | J75: 0 | K75: =F75/D75 -> 0 | L75: =G75/D75 -> 0 | M75: =H75/D75 -> 1 | N75: =I75/C75 -> 1 | O75: =J75/C75 -> 0
A76: 합성담당056 | B76: 예시 대구수성경찰서 | C76: 1 | D76: 0 | E76: 1 | F76: 0 | G76: 0 | H76: 0 | I76: 0 | J76: 1 | K76: 계산 불가 | L76: 계산 불가 | M76: 계산 불가 | N76: =I76/C76 -> 0 | O76: =J76/C76 -> 1
A77: 합성담당057 | B77: 예시 대구수성경찰서 | C77: 1 | D77: 1 | E77: 0 | F77: 1 | G77: 0 | H77: 0 | I77: 0 | J77: 1 | K77: =F77/D77 -> 1 | L77: =G77/D77 -> 0 | M77: =H77/D77 -> 0 | N77: =I77/C77 -> 0 | O77: =J77/C77 -> 1
A78: 합성담당058 | B78: 예시 대구수성경찰서 | C78: 1 | D78: 1 | E78: 0 | F78: 0 | G78: 1 | H78: 0 | I78: 1 | J78: 0 | K78: =F78/D78 -> 0 | L78: =G78/D78 -> 1 | M78: =H78/D78 -> 0 | N78: =I78/C78 -> 1 | O78: =J78/C78 -> 0
A79: 합성담당059 | B79: 예시 대구수성경찰서 | C79: 1 | D79: 1 | E79: 0 | F79: 0 | G79: 0 | H79: 1 | I79: 0 | J79: 1 | K79: =F79/D79 -> 0 | L79: =G79/D79 -> 0 | M79: =H79/D79 -> 1 | N79: =I79/C79 -> 0 | O79: =J79/C79 -> 1
A80: 합성담당060 | B80: 예시 대구수성경찰서 | C80: 1 | D80: 0 | E80: 1 | F80: 0 | G80: 0 | H80: 0 | I80: 0 | J80: 1 | K80: 계산 불가 | L80: 계산 불가 | M80: 계산 불가 | N80: =I80/C80 -> 0 | O80: =J80/C80 -> 1
A81: 합성담당061 | B81: 예시 대구수성경찰서 | C81: 1 | D81: 1 | E81: 0 | F81: 1 | G81: 0 | H81: 0 | I81: 1 | J81: 0 | K81: =F81/D81 -> 1 | L81: =G81/D81 -> 0 | M81: =H81/D81 -> 0 | N81: =I81/C81 -> 1 | O81: =J81/C81 -> 0
A82: 합성담당062 | B82: 예시 대구수성경찰서 | C82: 1 | D82: 1 | E82: 0 | F82: 0 | G82: 1 | H82: 0 | I82: 0 | J82: 1 | K82: =F82/D82 -> 0 | L82: =G82/D82 -> 1 | M82: =H82/D82 -> 0 | N82: =I82/C82 -> 0 | O82: =J82/C82 -> 1
A83: 합성담당063 | B83: 예시 대구수성경찰서 | C83: 1 | D83: 1 | E83: 0 | F83: 0 | G83: 0 | H83: 1 | I83: 0 | J83: 1 | K83: =F83/D83 -> 0 | L83: =G83/D83 -> 0 | M83: =H83/D83 -> 1 | N83: =I83/C83 -> 0 | O83: =J83/C83 -> 1
A84: 합성담당064 | B84: 예시 대구수성경찰서 | C84: 1 | D84: 0 | E84: 1 | F84: 0 | G84: 0 | H84: 0 | I84: 1 | J84: 0 | K84: 계산 불가 | L84: 계산 불가 | M84: 계산 불가 | N84: =I84/C84 -> 1 | O84: =J84/C84 -> 0
A85: 합성담당065 | B85: 예시 대구수성경찰서 | C85: 1 | D85: 1 | E85: 0 | F85: 1 | G85: 0 | H85: 0 | I85: 0 | J85: 1 | K85: =F85/D85 -> 1 | L85: =G85/D85 -> 0 | M85: =H85/D85 -> 0 | N85: =I85/C85 -> 0 | O85: =J85/C85 -> 1
A86: 합성담당066 | B86: 예시 대구수성경찰서 | C86: 1 | D86: 1 | E86: 0 | F86: 0 | G86: 1 | H86: 0 | I86: 0 | J86: 1 | K86: =F86/D86 -> 0 | L86: =G86/D86 -> 1 | M86: =H86/D86 -> 0 | N86: =I86/C86 -> 0 | O86: =J86/C86 -> 1
A87: 합성담당067 | B87: 예시 대구수성경찰서 | C87: 1 | D87: 1 | E87: 0 | F87: 0 | G87: 0 | H87: 1 | I87: 1 | J87: 0 | K87: =F87/D87 -> 0 | L87: =G87/D87 -> 0 | M87: =H87/D87 -> 1 | N87: =I87/C87 -> 1 | O87: =J87/C87 -> 0
A88: 합성담당068 | B88: 예시 대구수성경찰서 | C88: 1 | D88: 0 | E88: 1 | F88: 0 | G88: 0 | H88: 0 | I88: 0 | J88: 1 | K88: 계산 불가 | L88: 계산 불가 | M88: 계산 불가 | N88: =I88/C88 -> 0 | O88: =J88/C88 -> 1
A89: 합성담당069 | B89: 예시 대구수성경찰서 | C89: 1 | D89: 1 | E89: 0 | F89: 1 | G89: 0 | H89: 0 | I89: 0 | J89: 1 | K89: =F89/D89 -> 1 | L89: =G89/D89 -> 0 | M89: =H89/D89 -> 0 | N89: =I89/C89 -> 0 | O89: =J89/C89 -> 1
A90: 합성담당070 | B90: 예시 대구수성경찰서 | C90: 1 | D90: 1 | E90: 0 | F90: 0 | G90: 1 | H90: 0 | I90: 1 | J90: 0 | K90: =F90/D90 -> 0 | L90: =G90/D90 -> 1 | M90: =H90/D90 -> 0 | N90: =I90/C90 -> 1 | O90: =J90/C90 -> 0
A91: 합성담당071 | B91: 예시 대구수성경찰서 | C91: 1 | D91: 1 | E91: 0 | F91: 0 | G91: 0 | H91: 1 | I91: 0 | J91: 1 | K91: =F91/D91 -> 0 | L91: =G91/D91 -> 0 | M91: =H91/D91 -> 1 | N91: =I91/C91 -> 0 | O91: =J91/C91 -> 1
A92: 합성담당072 | B92: 예시 대구수성경찰서 | C92: 1 | D92: 0 | E92: 1 | F92: 0 | G92: 0 | H92: 0 | I92: 0 | J92: 1 | K92: 계산 불가 | L92: 계산 불가 | M92: 계산 불가 | N92: =I92/C92 -> 0 | O92: =J92/C92 -> 1
A93: 합성담당073 | B93: 예시 대구수성경찰서 | C93: 1 | D93: 1 | E93: 0 | F93: 1 | G93: 0 | H93: 0 | I93: 1 | J93: 0 | K93: =F93/D93 -> 1 | L93: =G93/D93 -> 0 | M93: =H93/D93 -> 0 | N93: =I93/C93 -> 1 | O93: =J93/C93 -> 0
A94: 합성담당074 | B94: 예시 대구수성경찰서 | C94: 1 | D94: 1 | E94: 0 | F94: 0 | G94: 1 | H94: 0 | I94: 0 | J94: 1 | K94: =F94/D94 -> 0 | L94: =G94/D94 -> 1 | M94: =H94/D94 -> 0 | N94: =I94/C94 -> 0 | O94: =J94/C94 -> 1
A95: 합성담당075 | B95: 예시 대구수성경찰서 | C95: 1 | D95: 1 | E95: 0 | F95: 0 | G95: 0 | H95: 1 | I95: 0 | J95: 1 | K95: =F95/D95 -> 0 | L95: =G95/D95 -> 0 | M95: =H95/D95 -> 1 | N95: =I95/C95 -> 0 | O95: =J95/C95 -> 1
A96: 합성담당076 | B96: 예시 대구수성경찰서 | C96: 1 | D96: 0 | E96: 1 | F96: 0 | G96: 0 | H96: 0 | I96: 1 | J96: 0 | K96: 계산 불가 | L96: 계산 불가 | M96: 계산 불가 | N96: =I96/C96 -> 1 | O96: =J96/C96 -> 0
A97: 합성담당077 | B97: 예시 대구수성경찰서 | C97: 1 | D97: 1 | E97: 0 | F97: 1 | G97: 0 | H97: 0 | I97: 0 | J97: 1 | K97: =F97/D97 -> 1 | L97: =G97/D97 -> 0 | M97: =H97/D97 -> 0 | N97: =I97/C97 -> 0 | O97: =J97/C97 -> 1
A98: 합성담당078 | B98: 예시 대구수성경찰서 | C98: 1 | D98: 1 | E98: 0 | F98: 0 | G98: 1 | H98: 0 | I98: 0 | J98: 1 | K98: =F98/D98 -> 0 | L98: =G98/D98 -> 1 | M98: =H98/D98 -> 0 | N98: =I98/C98 -> 0 | O98: =J98/C98 -> 1
A99: 합성담당079 | B99: 예시 대구수성경찰서 | C99: 1 | D99: 1 | E99: 0 | F99: 0 | G99: 0 | H99: 1 | I99: 1 | J99: 0 | K99: =F99/D99 -> 0 | L99: =G99/D99 -> 0 | M99: =H99/D99 -> 1 | N99: =I99/C99 -> 1 | O99: =J99/C99 -> 0
A100: 합성담당080 | B100: 예시 대구수성경찰서 | C100: 1 | D100: 0 | E100: 1 | F100: 0 | G100: 0 | H100: 0 | I100: 0 | J100: 1 | K100: 계산 불가 | L100: 계산 불가 | M100: 계산 불가 | N100: =I100/C100 -> 0 | O100: =J100/C100 -> 1
A101: 합성담당081 | B101: 예시 대구수성경찰서 | C101: 1 | D101: 1 | E101: 0 | F101: 1 | G101: 0 | H101: 0 | I101: 0 | J101: 1 | K101: =F101/D101 -> 1 | L101: =G101/D101 -> 0 | M101: =H101/D101 -> 0 | N101: =I101/C101 -> 0 | O101: =J101/C101 -> 1
A102: 합성담당082 | B102: 예시 대구수성경찰서 | C102: 1 | D102: 1 | E102: 0 | F102: 0 | G102: 1 | H102: 0 | I102: 1 | J102: 0 | K102: =F102/D102 -> 0 | L102: =G102/D102 -> 1 | M102: =H102/D102 -> 0 | N102: =I102/C102 -> 1 | O102: =J102/C102 -> 0
A103: 합성담당083 | B103: 예시 대구수성경찰서 | C103: 1 | D103: 1 | E103: 0 | F103: 0 | G103: 0 | H103: 1 | I103: 0 | J103: 1 | K103: =F103/D103 -> 0 | L103: =G103/D103 -> 0 | M103: =H103/D103 -> 1 | N103: =I103/C103 -> 0 | O103: =J103/C103 -> 1
A104: 합성담당084 | B104: 예시 대구수성경찰서 | C104: 1 | D104: 0 | E104: 1 | F104: 0 | G104: 0 | H104: 0 | I104: 0 | J104: 1 | K104: 계산 불가 | L104: 계산 불가 | M104: 계산 불가 | N104: =I104/C104 -> 0 | O104: =J104/C104 -> 1
A105: 합성담당085 | B105: 예시 대구수성경찰서 | C105: 1 | D105: 1 | E105: 0 | F105: 1 | G105: 0 | H105: 0 | I105: 1 | J105: 0 | K105: =F105/D105 -> 1 | L105: =G105/D105 -> 0 | M105: =H105/D105 -> 0 | N105: =I105/C105 -> 1 | O105: =J105/C105 -> 0
A107: 비율은 같은 줄의 ‘해당 건수 ÷ 기준 건수’ 수식입니다.
...

Sheet 차트
A1: 이 범위의 담당자별 처리 현황 · 차트
A3: 담당자별 수용률 (1–40 / 100)
A4: 선은 답변 완료 건수(오른쪽 축)입니다. 담당자가 많아 40명씩 나눠 그렸습니다.
A25: 담당자별 수용률 (41–80 / 100)
A26: 선은 답변 완료 건수(오른쪽 축)입니다. 담당자가 많아 40명씩 나눠 그렸습니다.
A47: 담당자별 수용률 (81–100 / 100)
A48: 선은 답변 완료 건수(오른쪽 축)입니다. 담당자가 많아 40명씩 나눠 그렸습니다.

Sheet 차트 데이터
A1: 차트 데이터
A2: 차트가 그리는 숫자입니다. ‘통계표’ 시트에서 가져옵니다.
A4: 담당자별 수용률 (1–40 / 100)
A5: 담당자 | B5: 수용 | C5: 일부수용 | D5: 불수용 | E5: 답변 완료(건, 오른쪽 축)
A6: 김하늘 (서울중부경찰서) | B6: ='통계표'!$K$6 -> 0.6551724137931034 | C6: ='통계표'!$L$6 -> 0.20689655172413793 | D6: ='통계표'!$M$6 -> 0.13793103448275862 | E6: ='통계표'!$C$6 -> 37
A7: 정하은 | B7: ='통계표'!$K$7 -> 0.6666666666666666 | C7: ='통계표'!$L$7 -> 0.1 | D7: ='통계표'!$M$7 -> 0.23333333333333334 | E7: ='통계표'!$C$7 -> 35
A8: 이서윤 | B8: ='통계표'!$K$8 -> 0.7333333333333333 | C8: ='통계표'!$L$8 -> 0.03333333333333333 | D8: ='통계표'!$M$8 -> 0.23333333333333334 | E8: ='통계표'!$C$8 -> 34
A9: 박도윤 | B9: ='통계표'!$K$9 -> 0.5 | C9: ='통계표'!$L$9 -> 0.20833333333333334 | D9: ='통계표'!$M$9 -> 0.2916666666666667 | E9: ='통계표'!$C$9 -> 27
A10: 강지호 | B10: ='통계표'!$K$10 -> 0.28 | C10: ='통계표'!$L$10 -> 0.24 | D10: ='통계표'!$M$10 -> 0.48 | E10: ='통계표'!$C$10 -> 27
A11: 최민준 | B11: ='통계표'!$K$11 -> 0.6470588235294118 | C11: ='통계표'!$L$11 -> 0.11764705882352941 | D11: ='통계표'!$M$11 -> 0.23529411764705882 | E11: ='통계표'!$C$11 -> 19
A12: 윤서아 | B12: ='통계표'!$K$12 -> 0.5625 | C12: ='통계표'!$L$12 -> 0.125 | D12: ='통계표'!$M$12 -> 0.3125 | E12: ='통계표'!$C$12 -> 17
A13: 서지안 | B13: ='통계표'!$K$13 -> 0.5714285714285714 | C13: ='통계표'!$L$13 -> 0.07142857142857142 | D13: ='통계표'!$M$13 -> 0.35714285714285715 | E13: ='통계표'!$C$13 -> 17
A14: 김하늘 (수원시청) | B14: ='통계표'!$K$14 -> 0.5714285714285714 | C14: ='통계표'!$L$14 -> 0.14285714285714285 | D14: ='통계표'!$M$14 -> 0.2857142857142857 | E14: ='통계표'!$C$14 -> 16
A15: 임준서 | B15: ='통계표'!$K$15 -> 0.5384615384615384 | C15: ='통계표'!$L$15 -> 0.23076923076923078 | D15: ='통계표'!$M$15 -> 0.23076923076923078 | E15: ='통계표'!$C$15 -> 15
A16: 신우진 | B16: ='통계표'!$K$16 -> 0.5714285714285714 | C16: ='통계표'!$L$16 -> 0.14285714285714285 | D16: ='통계표'!$M$16 -> 0.2857142857142857 | E16: ='통계표'!$C$16 -> 15
A17: 오예린 | B17: ='통계표'!$K$17 -> 0.6 | C17: ='통계표'!$L$17 -> 0.2 | D17: ='통계표'!$M$17 -> 0.2 | E17: ='통계표'!$C$17 -> 14
A18: 양시우 | B18: ='통계표'!$K$18 -> 0.8181818181818182 | C18: ='통계표'!$L$18 -> 0.09090909090909091 | D18: ='통계표'!$M$18 -> 0.09090909090909091 | E18: ='통계표'!$C$18 -> 14
A19: 한지우 | B19: ='통계표'!$K$19 -> 0.8333333333333334 | C19: ='통계표'!$L$19 -> 0 | D19: ='통계표'!$M$19 -> 0.16666666666666666 | E19: ='통계표'!$C$19 -> 6
A20: 문채원 | B20: ='통계표'!$K$20 -> 0.8 | C20: ='통계표'!$L$20 -> 0.2 | D20: ='통계표'!$M$20 -> 0 | E20: ='통계표'!$C$20 -> 5
A21: 합성담당001 | B21: ='통계표'!$K$21 -> 1 | C21: ='통계표'!$L$21 -> 0 | D21: ='통계표'!$M$21 -> 0 | E21: ='통계표'!$C$21 -> 1
A22: 합성담당002 | B22: ='통계표'!$K$22 -> 0 | C22: ='통계표'!$L$22 -> 1 | D22: ='통계표'!$M$22 -> 0 | E22: ='통계표'!$C$22 -> 1
A23: 합성담당003 | B23: ='통계표'!$K$23 -> 0 | C23: ='통계표'!$L$23 -> 0 | D23: ='통계표'!$M$23 -> 1 | E23: ='통계표'!$C$23 -> 1
A24: 합성담당004 | E24: ='통계표'!$C$24 -> 1
A25: 합성담당005 | B25: ='통계표'!$K$25 -> 1 | C25: ='통계표'!$L$25 -> 0 | D25: ='통계표'!$M$25 -> 0 | E25: ='통계표'!$C$25 -> 1
A26: 합성담당006 | B26: ='통계표'!$K$26 -> 0 | C26: ='통계표'!$L$26 -> 1 | D26: ='통계표'!$M$26 -> 0 | E26: ='통계표'!$C$26 -> 1
A27: 합성담당007 | B27: ='통계표'!$K$27 -> 0 | C27: ='통계표'!$L$27 -> 0 | D27: ='통계표'!$M$27 -> 1 | E27: ='통계표'!$C$27 -> 1
A28: 합성담당008 | E28: ='통계표'!$C$28 -> 1
A29: 합성담당009 | B29: ='통계표'!$K$29 -> 1 | C29: ='통계표'!$L$29 -> 0 | D29: ='통계표'!$M$29 -> 0 | E29: ='통계표'!$C$29 -> 1
A30: 합성담당010 | B30: ='통계표'!$K$30 -> 0 | C30: ='통계표'!$L$30 -> 1 | D30: ='통계표'!$M$30 -> 0 | E30: ='통계표'!$C$30 -> 1
A31: 합성담당011 | B31: ='통계표'!$K$31 -> 0 | C31: ='통계표'!$L$31 -> 0 | D31: ='통계표'!$M$31 -> 1 | E31: ='통계표'!$C$31 -> 1
A32: 합성담당012 | E32: ='통계표'!$C$32 -> 1
A33: 합성담당013 | B33: ='통계표'!$K$33 -> 1 | C33: ='통계표'!$L$33 -> 0 | D33: ='통계표'!$M$33 -> 0 | E33: ='통계표'!$C$33 -> 1
A34: 합성담당014 | B34: ='통계표'!$K$34 -> 0 | C34: ='통계표'!$L$34 -> 1 | D34: ='통계표'!$M$34 -> 0 | E34: ='통계표'!$C$34 -> 1
A35: 합성담당015 | B35: ='통계표'!$K$35 -> 0 | C35: ='통계표'!$L$35 -> 0 | D35: ='통계표'!$M$35 -> 1 | E35: ='통계표'!$C$35 -> 1
A36: 합성담당016 | E36: ='통계표'!$C$36 -> 1
A37: 합성담당017 | B37: ='통계표'!$K$37 -> 1 | C37: ='통계표'!$L$37 -> 0 | D37: ='통계표'!$M$37 -> 0 | E37: ='통계표'!$C$37 -> 1
A38: 합성담당018 | B38: ='통계표'!$K$38 -> 0 | C38: ='통계표'!$L$38 -> 1 | D38: ='통계표'!$M$38 -> 0 | E38: ='통계표'!$C$38 -> 1
A39: 합성담당019 | B39: ='통계표'!$K$39 -> 0 | C39: ='통계표'!$L$39 -> 0 | D39: ='통계표'!$M$39 -> 1 | E39: ='통계표'!$C$39 -> 1
A40: 합성담당020 | E40: ='통계표'!$C$40 -> 1
A41: 합성담당021 | B41: ='통계표'!$K$41 -> 1 | C41: ='통계표'!$L$41 -> 0 | D41: ='통계표'!$M$41 -> 0 | E41: ='통계표'!$C$41 -> 1
A42: 합성담당022 | B42: ='통계표'!$K$42 -> 0 | C42: ='통계표'!$L$42 -> 1 | D42: ='통계표'!$M$42 -> 0 | E42: ='통계표'!$C$42 -> 1
A43: 합성담당023 | B43: ='통계표'!$K$43 -> 0 | C43: ='통계표'!$L$43 -> 0 | D43: ='통계표'!$M$43 -> 1 | E43: ='통계표'!$C$43 -> 1
A44: 합성담당024 | E44: ='통계표'!$C$44 -> 1
A45: 합성담당025 | B45: ='통계표'!$K$45 -> 1 | C45: ='통계표'!$L$45 -> 0 | D45: ='통계표'!$M$45 -> 0 | E45: ='통계표'!$C$45 -> 1
A47: 담당자별 수용률 (41–80 / 100)
A48: 담당자 | B48: 수용 | C48: 일부수용 | D48: 불수용 | E48: 답변 완료(건, 오른쪽 축)
A49: 합성담당026 | B49: ='통계표'!$K$46 -> 0 | C49: ='통계표'!$L$46 -> 1 | D49: ='통계표'!$M$46 -> 0 | E49: ='통계표'!$C$46 -> 1
A50: 합성담당027 | B50: ='통계표'!$K$47 -> 0 | C50: ='통계표'!$L$47 -> 0 | D50: ='통계표'!$M$47 -> 1 | E50: ='통계표'!$C$47 -> 1
A51: 합성담당028 | E51: ='통계표'!$C$48 -> 1
A52: 합성담당029 | B52: ='통계표'!$K$49 -> 1 | C52: ='통계표'!$L$49 -> 0 | D52: ='통계표'!$M$49 -> 0 | E52: ='통계표'!$C$49 -> 1
A53: 합성담당030 | B53: ='통계표'!$K$50 -> 0 | C53: ='통계표'!$L$50 -> 1 | D53: ='통계표'!$M$50 -> 0 | E53: ='통계표'!$C$50 -> 1
A54: 합성담당031 | B54: ='통계표'!$K$51 -> 0 | C54: ='통계표'!$L$51 -> 0 | D54: ='통계표'!$M$51 -> 1 | E54: ='통계표'!$C$51 -> 1
A55: 합성담당032 | E55: ='통계표'!$C$52 -> 1
A56: 합성담당033 | B56: ='통계표'!$K$53 -> 1 | C56: ='통계표'!$L$53 -> 0 | D56: ='통계표'!$M$53 -> 0 | E56: ='통계표'!$C$53 -> 1
A57: 합성담당034 | B57: ='통계표'!$K$54 -> 0 | C57: ='통계표'!$L$54 -> 1 | D57: ='통계표'!$M$54 -> 0 | E57: ='통계표'!$C$54 -> 1
A58: 합성담당035 | B58: ='통계표'!$K$55 -> 0 | C58: ='통계표'!$L$55 -> 0 | D58: ='통계표'!$M$55 -> 1 | E58: ='통계표'!$C$55 -> 1
A59: 합성담당036 | E59: ='통계표'!$C$56 -> 1
A60: 합성담당037 | B60: ='통계표'!$K$57 -> 1 | C60: ='통계표'!$L$57 -> 0 | D60: ='통계표'!$M$57 -> 0 | E60: ='통계표'!$C$57 -> 1
A61: 합성담당038 | B61: ='통계표'!$K$58 -> 0 | C61: ='통계표'!$L$58 -> 1 | D61: ='통계표'!$M$58 -> 0 | E61: ='통계표'!$C$58 -> 1
A62: 합성담당039 | B62: ='통계표'!$K$59 -> 0 | C62: ='통계표'!$L$59 -> 0 | D62: ='통계표'!$M$59 -> 1 | E62: ='통계표'!$C$59 -> 1
A63: 합성담당040 | E63: ='통계표'!$C$60 -> 1
A64: 합성담당041 | B64: ='통계표'!$K$61 -> 1 | C64: ='통계표'!$L$61 -> 0 | D64: ='통계표'!$M$61 -> 0 | E64: ='통계표'!$C$61 -> 1
A65: 합성담당042 | B65: ='통계표'!$K$62 -> 0 | C65: ='통계표'!$L$62 -> 1 | D65: ='통계표'!$M$62 -> 0 | E65: ='통계표'!$C$62 -> 1
A66: 합성담당043 | B66: ='통계표'!$K$63 -> 0 | C66: ='통계표'!$L$63 -> 0 | D66: ='통계표'!$M$63 -> 1 | E66: ='통계표'!$C$63 -> 1
A67: 합성담당044 | E67: ='통계표'!$C$64 -> 1
A68: 합성담당045 | B68: ='통계표'!$K$65 -> 1 | C68: ='통계표'!$L$65 -> 0 | D68: ='통계표'!$M$65 -> 0 | E68: ='통계표'!$C$65 -> 1
A69: 합성담당046 | B69: ='통계표'!$K$66 -> 0 | C69: ='통계표'!$L$66 -> 1 | D69: ='통계표'!$M$66 -> 0 | E69: ='통계표'!$C$66 -> 1
A70: 합성담당047 | B70: ='통계표'!$K$67 -> 0 | C70: ='통계표'!$L$67 -> 0 | D70: ='통계표'!$M$67 -> 1 | E70: ='통계표'!$C$67 -> 1
A71: 합성담당048 | E71: ='통계표'!$C$68 -> 1
A72: 합성담당049 | B72: ='통계표'!$K$69 -> 1 | C72: ='통계표'!$L$69 -> 0 | D72: ='통계표'!$M$69 -> 0 | E72: ='통계표'!$C$69 -> 1
A73: 합성담당050 | B73: ='통계표'!$K$70 -> 0 | C73: ='통계표'!$L$70 -> 1 | D73: ='통계표'!$M$70 -> 0 | E73: ='통계표'!$C$70 -> 1
A74: 합성담당051 | B74: ='통계표'!$K$71 -> 0 | C74: ='통계표'!$L$71 -> 0 | D74: ='통계표'!$M$71 -> 1 | E74: ='통계표'!$C$71 -> 1
A75: 합성담당052 | E75: ='통계표'!$C$72 -> 1
A76: 합성담당053 | B76: ='통계표'!$K$73 -> 1 | C76: ='통계표'!$L$73 -> 0 | D76: ='통계표'!$M$73 -> 0 | E76: ='통계표'!$C$73 -> 1
A77: 합성담당054 | B77: ='통계표'!$K$74 -> 0 | C77: ='통계표'!$L$74 -> 1 | D77: ='통계표'!$M$74 -> 0 | E77: ='통계표'!$C$74 -> 1
A78: 합성담당055 | B78: ='통계표'!$K$75 -> 0 | C78: ='통계표'!$L$75 -> 0 | D78: ='통계표'!$M$75 -> 1 | E78: ='통계표'!$C$75 -> 1
A79: 합성담당056 | E79: ='통계표'!$C$76 -> 1
A80: 합성담당057 | B80: ='통계표'!$K$77 -> 1 | C80: ='통계표'!$L$77 -> 0 | D80: ='통계표'!$M$77 -> 0 | E80: ='통계표'!$C$77 -> 1
A81: 합성담당058 | B81: ='통계표'!$K$78 -> 0 | C81: ='통계표'!$L$78 -> 1 | D81: ='통계표'!$M$78 -> 0 | E81: ='통계표'!$C$78 -> 1
A82: 합성담당059 | B82: ='통계표'!$K$79 -> 0 | C82: ='통계표'!$L$79 -> 0 | D82: ='통계표'!$M$79 -> 1 | E82: ='통계표'!$C$79 -> 1
A83: 합성담당060 | E83: ='통계표'!$C$80 -> 1
A84: 합성담당061 | B84: ='통계표'!$K$81 -> 1 | C84: ='통계표'!$L$81 -> 0 | D84: ='통계표'!$M$81 -> 0 | E84: ='통계표'!$C$81 -> 1
A85: 합성담당062 | B85: ='통계표'!$K$82 -> 0 | C85: ='통계표'!$L$82 -> 1 | D85: ='통계표'!$M$82 -> 0 | E85: ='통계표'!$C$82 -> 1
A86: 합성담당063 | B86: ='통계표'!$K$83 -> 0 | C86: ='통계표'!$L$83 -> 0 | D86: ='통계표'!$M$83 -> 1 | E86: ='통계표'!$C$83 -> 1
A87: 합성담당064 | E87: ='통계표'!$C$84 -> 1
A88: 합성담당065 | B88: ='통계표'!$K$85 -> 1 | C88: ='통계표'!$L$85 -> 0 | D88: ='통계표'!$M$85 -> 0 | E88: ='통계표'!$C$85 -> 1
A90: 담당자별 수용률 (81–100 / 100)
A91: 담당자 | B91: 수용 | C91: 일부수용 | D91: 불수용 | E91: 답변 완료(건, 오른쪽 축)
A92: 합성담당066 | B92: ='통계표'!$K$86 -> 0 | C92: ='통계표'!$L$86 -> 1 | D92: ='통계표'!$M$86 -> 0 | E92: ='통계표'!$C$86 -> 1
A93: 합성담당067 | B93: ='통계표'!$K$87 -> 0 | C93: ='통계표'!$L$87 -> 0 | D93: ='통계표'!$M$87 -> 1 | E93: ='통계표'!$C$87 -> 1
A94: 합성담당068 | E94: ='통계표'!$C$88 -> 1
A95: 합성담당069 | B95: ='통계표'!$K$89 -> 1 | C95: ='통계표'!$L$89 -> 0 | D95: ='통계표'!$M$89 -> 0 | E95: ='통계표'!$C$89 -> 1
A96: 합성담당070 | B96: ='통계표'!$K$90 -> 0 | C96: ='통계표'!$L$90 -> 1 | D96: ='통계표'!$M$90 -> 0 | E96: ='통계표'!$C$90 -> 1
A97: 합성담당071 | B97: ='통계표'!$K$91 -> 0 | C97: ='통계표'!$L$91 -> 0 | D97: ='통계표'!$M$91 -> 1 | E97: ='통계표'!$C$91 -> 1
A98: 합성담당072 | E98: ='통계표'!$C$92 -> 1
A99: 합성담당073 | B99: ='통계표'!$K$93 -> 1 | C99: ='통계표'!$L$93 -> 0 | D99: ='통계표'!$M$93 -> 0 | E99: ='통계표'!$C$93 -> 1
A100: 합성담당074 | B100: ='통계표'!$K$94 -> 0 | C100: ='통계표'!$L$94 -> 1 | D100: ='통계표'!$M$94 -> 0 | E100: ='통계표'!$C$94 -> 1
A101: 합성담당075 | B101: ='통계표'!$K$95 -> 0 | C101: ='통계표'!$L$95 -> 0 | D101: ='통계표'!$M$95 -> 1 | E101: ='통계표'!$C$95 -> 1
A102: 합성담당076 | E102: ='통계표'!$C$96 -> 1
A103: 합성담당077 | B103: ='통계표'!$K$97 -> 1 | C103: ='통계표'!$L$97 -> 0 | D103: ='통계표'!$M$97 -> 0 | E103: ='통계표'!$C$97 -> 1
...

Sheet 조회 조건
A1: 이 범위의 담당자별 처리 현황 · 조회 조건
A3: 내려받은 시각 | B3: 2026-10-04 00:35:08 (한국 시간)
A4: 자료 버전 | B4: e2e-synthetic-1
A5: 날짜 기준 | B5: 답변일
A6: 기간 | B6: 2025-10-05 — 2026-10-04 · 일부 기간: 첫 달은 2025.10.05부터, 마지막 달은 2026.10.04까지
A7: 자료 버전 | B7: e2e-synthetic-1
A8: 대상 범위 | B8: 전국 · 모든 분류
A9: 담당자 | B9: 불러온 100명 (전체 125명)
A10: 막대 기준 | B10: 수용률 ((수용+일부수용+불수용)를 100%로)
A11: 계산 방법 | B11: 수용률·일부수용률·불수용률은 (수용+일부수용+불수용) 중 비율, 과태료 부과율은 전체 답변 중 과태료 처분의 비율입니다. 미분류는 안전신문고 처리 상태가 ‘답변완료’·‘기타’라 수용 여부가 없는 답변입니다.
A12: 이 파일에 대해 | B12: 내려받은 시점의 결과입니다.
