Workbook

Sheet 통계표
A1: 월별 추이 · 처리결과 비율
A2: 2026-10-04 01:33:02 (한국 시간)에 내려받은 결과입니다. 조건은 ‘조회 조건’ 시트에 있습니다.
B4: 건수 | C4: 건수 | D4: 건수 | E4: 건수 | F4: 전체 | G4: 전체 | H4: 전체 | I4: 전체 | J4: 전체 | K4: 전체 | L4: 전체 | M4: 전체 | N4: 전체 | O4: 내 신고 | P4: 내 신고 | Q4: 내 신고 | R4: 내 신고 | S4: 내 신고 | T4: 내 신고 | U4: 내 신고 | V4: 내 신고 | W4: 내 신고
A5: 답변월 | B5: 건수 · 신고(건, 답변월) | C5: 건수 · 답변 완료(건, 답변월) | D5: 건수 · 내 신고(건, 답변월) | E5: 건수 · 내 답변 완료(건, 답변월) | F5: 전체 · 분류된 답변(건) | G5: 전체 · 수용(건) | H5: 전체 · 일부 수용(건) | I5: 전체 · 불수용(건) | J5: 전체 · 과태료 처분(건) | K5: 전체 · 수용률 (수용 ÷ (수용+일부수용+불수용)) | L5: 전체 · 불수용률 (불수용 ÷ (수용+일부수용+불수용)) | M5: 전체 · 일부수용률 (일부수용 ÷ (수용+일부수용+불수용)) | N5: 전체 · 과태료 부과율 (과태료 처분 ÷ 답변) | O5: 내 신고 · 분류된 답변(건) | P5: 내 신고 · 수용(건) | Q5: 내 신고 · 일부 수용(건) | R5: 내 신고 · 불수용(건) | S5: 내 신고 · 과태료 처분(건) | T5: 내 신고 · 수용률 (수용 ÷ (수용+일부수용+불수용)) | U5: 내 신고 · 불수용률 (불수용 ÷ (수용+일부수용+불수용)) | V5: 내 신고 · 일부수용률 (일부수용 ÷ (수용+일부수용+불수용)) | W5: 내 신고 · 과태료 부과율 (과태료 처분 ÷ 답변) | X5: 비고
A6: 45931 | B6: 20 | C6: 20 | D6: 3 | E6: 3 | F6: 15 | G6: 10 | H6: 0 | I6: 5 | J6: 7 | K6: =G6/F6 -> 0.6666666666666666 | L6: =I6/F6 -> 0.3333333333333333 | M6: =H6/F6 -> 0 | N6: =J6/C6 -> 0.35 | O6: 3 | P6: 3 | Q6: 0 | R6: 0 | S6: 2 | T6: =P6/O6 -> 1 | U6: =R6/O6 -> 0 | V6: =Q6/O6 -> 0 | W6: =S6/E6 -> 0.6666666666666666 | X6: 일부 기간(10.5~10.31)
A7: 45962 | B7: 27 | C7: 27 | D7: 1 | E7: 1 | F7: 24 | G7: 14 | H7: 6 | I7: 4 | J7: 8 | K7: =G7/F7 -> 0.5833333333333334 | L7: =I7/F7 -> 0.16666666666666666 | M7: =H7/F7 -> 0.25 | N7: =J7/C7 -> 0.2962962962962963 | O7: 1 | P7: 0 | Q7: 1 | R7: 0 | S7: 0 | T7: =P7/O7 -> 0 | U7: =R7/O7 -> 0 | V7: =Q7/O7 -> 1 | W7: =S7/E7 -> 0
A8: 45992 | B8: 20 | C8: 20 | D8: 1 | E8: 1 | F8: 19 | G8: 12 | H8: 3 | I8: 4 | J8: 7 | K8: =G8/F8 -> 0.631578947368421 | L8: =I8/F8 -> 0.21052631578947367 | M8: =H8/F8 -> 0.15789473684210525 | N8: =J8/C8 -> 0.35 | O8: 1 | P8: 1 | Q8: 0 | R8: 0 | S8: 0 | T8: =P8/O8 -> 1 | U8: =R8/O8 -> 0 | V8: =Q8/O8 -> 0 | W8: =S8/E8 -> 0
A9: 46023 | B9: 22 | C9: 22 | D9: 2 | E9: 2 | F9: 19 | G9: 13 | H9: 1 | I9: 5 | J9: 6 | K9: =G9/F9 -> 0.6842105263157895 | L9: =I9/F9 -> 0.2631578947368421 | M9: =H9/F9 -> 0.05263157894736842 | N9: =J9/C9 -> 0.2727272727272727 | O9: 2 | P9: 1 | Q9: 0 | R9: 1 | S9: 0 | T9: =P9/O9 -> 0.5 | U9: =R9/O9 -> 0.5 | V9: =Q9/O9 -> 0 | W9: =S9/E9 -> 0
A10: 46054 | B10: 20 | C10: 20 | D10: 3 | E10: 3 | F10: 18 | G10: 12 | H10: 3 | I10: 3 | J10: 11 | K10: =G10/F10 -> 0.6666666666666666 | L10: =I10/F10 -> 0.16666666666666666 | M10: =H10/F10 -> 0.16666666666666666 | N10: =J10/C10 -> 0.55 | O10: 3 | P10: 3 | Q10: 0 | R10: 0 | S10: 2 | T10: =P10/O10 -> 1 | U10: =R10/O10 -> 0 | V10: =Q10/O10 -> 0 | W10: =S10/E10 -> 0.6666666666666666
A11: 46082 | B11: 25 | C11: 25 | D11: 2 | E11: 2 | F11: 19 | G11: 12 | H11: 3 | I11: 4 | J11: 5 | K11: =G11/F11 -> 0.631578947368421 | L11: =I11/F11 -> 0.21052631578947367 | M11: =H11/F11 -> 0.15789473684210525 | N11: =J11/C11 -> 0.2 | O11: 1 | P11: 1 | Q11: 0 | R11: 0 | S11: 0 | T11: =P11/O11 -> 1 | U11: =R11/O11 -> 0 | V11: =Q11/O11 -> 0 | W11: =S11/E11 -> 0
A12: 46113 | B12: 32 | C12: 32 | D12: 4 | E12: 4 | F12: 29 | G12: 21 | H12: 1 | I12: 7 | J12: 10 | K12: =G12/F12 -> 0.7241379310344828 | L12: =I12/F12 -> 0.2413793103448276 | M12: =H12/F12 -> 0.034482758620689655 | N12: =J12/C12 -> 0.3125 | O12: 4 | P12: 4 | Q12: 0 | R12: 0 | S12: 1 | T12: =P12/O12 -> 1 | U12: =R12/O12 -> 0 | V12: =Q12/O12 -> 0 | W12: =S12/E12 -> 0.25
A13: 46143 | B13: 22 | C13: 22 | D13: 3 | E13: 3 | F13: 20 | G13: 8 | H13: 1 | I13: 11 | J13: 2 | K13: =G13/F13 -> 0.4 | L13: =I13/F13 -> 0.55 | M13: =H13/F13 -> 0.05 | N13: =J13/C13 -> 0.09090909090909091 | O13: 2 | P13: 1 | Q13: 0 | R13: 1 | S13: 0 | T13: =P13/O13 -> 0.5 | U13: =R13/O13 -> 0.5 | V13: =Q13/O13 -> 0 | W13: =S13/E13 -> 0
A14: 46174 | B14: 18 | C14: 18 | D14: 4 | E14: 4 | F14: 15 | G14: 7 | H14: 2 | I14: 6 | J14: 1 | K14: =G14/F14 -> 0.4666666666666667 | L14: =I14/F14 -> 0.4 | M14: =H14/F14 -> 0.13333333333333333 | N14: =J14/C14 -> 0.05555555555555555 | O14: 4 | P14: 3 | Q14: 0 | R14: 1 | S14: 1 | T14: =P14/O14 -> 0.75 | U14: =R14/O14 -> 0.25 | V14: =Q14/O14 -> 0 | W14: =S14/E14 -> 0.25
A15: 46204 | B15: 34 | C15: 34 | D15: 4 | E15: 4 | F15: 32 | G15: 19 | H15: 7 | I15: 6 | J15: 9 | K15: =G15/F15 -> 0.59375 | L15: =I15/F15 -> 0.1875 | M15: =H15/F15 -> 0.21875 | N15: =J15/C15 -> 0.2647058823529412 | O15: 4 | P15: 4 | Q15: 0 | R15: 0 | S15: 3 | T15: =P15/O15 -> 1 | U15: =R15/O15 -> 0 | V15: =Q15/O15 -> 0 | W15: =S15/E15 -> 0.75
A16: 46235 | B16: 23 | C16: 23 | D16: 1 | E16: 1 | F16: 19 | G16: 9 | H16: 5 | I16: 5 | J16: 6 | K16: =G16/F16 -> 0.47368421052631576 | L16: =I16/F16 -> 0.2631578947368421 | M16: =H16/F16 -> 0.2631578947368421 | N16: =J16/C16 -> 0.2608695652173913 | O16: 1 | P16: 1 | Q16: 0 | R16: 0 | S16: 0 | T16: =P16/O16 -> 1 | U16: =R16/O16 -> 0 | V16: =Q16/O16 -> 0 | W16: =S16/E16 -> 0
A17: 46266 | B17: 145 | C17: 145 | D17: 4 | E17: 4 | F17: 112 | G17: 46 | H17: 33 | I17: 33 | J17: 48 | K17: =G17/F17 -> 0.4107142857142857 | L17: =I17/F17 -> 0.29464285714285715 | M17: =H17/F17 -> 0.29464285714285715 | N17: =J17/C17 -> 0.3310344827586207 | O17: 4 | P17: 3 | Q17: 1 | R17: 0 | S17: 1 | T17: =P17/O17 -> 0.75 | U17: =R17/O17 -> 0 | V17: =Q17/O17 -> 0.25 | W17: =S17/E17 -> 0.25 | X17: 자료 마지막 월(09.24까지)
A18: 46296 | K18: 자료 없음 | L18: 자료 없음 | M18: 자료 없음 | N18: 자료 없음 | T18: 자료 없음 | U18: 자료 없음 | V18: 자료 없음 | W18: 자료 없음 | X18: 일부 기간(10.1~10.4) · 이번 달 진행 중 · 데이터 제공 종료 이후
A20: 비율은 같은 줄의 ‘해당 건수 ÷ 기준 건수’ 수식입니다.

Sheet 차트
A1: 월별 추이 · 처리결과 비율 · 차트
A3: 답변월별 처리결과 비율 · 수용률·불수용률·일부수용률·과태료 부과율
A4: 수용·일부수용·불수용은 미분류를 뺀 답변 중, 과태료는 전체 답변 중 비율입니다.

Sheet 차트 데이터
A1: 차트 데이터
A2: 차트가 그리는 숫자입니다. ‘통계표’ 시트에서 가져옵니다.
A4: 답변월별 처리결과 비율 · 수용률·불수용률·일부수용률·과태료 부과율
A5: 답변월 | B5: 수용률 · 전체 | C5: 수용률 · 내 신고 | D5: 불수용률 · 전체 | E5: 불수용률 · 내 신고 | F5: 일부수용률 · 전체 | G5: 일부수용률 · 내 신고 | H5: 과태료 부과율 · 전체 | I5: 과태료 부과율 · 내 신고
A6: 2025-10 | B6: ='통계표'!$K$6 -> 0.6666666666666666 | C6: ='통계표'!$T$6 -> 1 | D6: ='통계표'!$L$6 -> 0.3333333333333333 | E6: ='통계표'!$U$6 -> 0 | F6: ='통계표'!$M$6 -> 0 | G6: ='통계표'!$V$6 -> 0 | H6: ='통계표'!$N$6 -> 0.35 | I6: ='통계표'!$W$6 -> 0.6666666666666666
A7: 2025-11 | B7: ='통계표'!$K$7 -> 0.5833333333333334 | C7: ='통계표'!$T$7 -> 0 | D7: ='통계표'!$L$7 -> 0.16666666666666666 | E7: ='통계표'!$U$7 -> 0 | F7: ='통계표'!$M$7 -> 0.25 | G7: ='통계표'!$V$7 -> 1 | H7: ='통계표'!$N$7 -> 0.2962962962962963 | I7: ='통계표'!$W$7 -> 0
A8: 2025-12 | B8: ='통계표'!$K$8 -> 0.631578947368421 | C8: ='통계표'!$T$8 -> 1 | D8: ='통계표'!$L$8 -> 0.21052631578947367 | E8: ='통계표'!$U$8 -> 0 | F8: ='통계표'!$M$8 -> 0.15789473684210525 | G8: ='통계표'!$V$8 -> 0 | H8: ='통계표'!$N$8 -> 0.35 | I8: ='통계표'!$W$8 -> 0
A9: 2026-01 | B9: ='통계표'!$K$9 -> 0.6842105263157895 | C9: ='통계표'!$T$9 -> 0.5 | D9: ='통계표'!$L$9 -> 0.2631578947368421 | E9: ='통계표'!$U$9 -> 0.5 | F9: ='통계표'!$M$9 -> 0.05263157894736842 | G9: ='통계표'!$V$9 -> 0 | H9: ='통계표'!$N$9 -> 0.2727272727272727 | I9: ='통계표'!$W$9 -> 0
A10: 2026-02 | B10: ='통계표'!$K$10 -> 0.6666666666666666 | C10: ='통계표'!$T$10 -> 1 | D10: ='통계표'!$L$10 -> 0.16666666666666666 | E10: ='통계표'!$U$10 -> 0 | F10: ='통계표'!$M$10 -> 0.16666666666666666 | G10: ='통계표'!$V$10 -> 0 | H10: ='통계표'!$N$10 -> 0.55 | I10: ='통계표'!$W$10 -> 0.6666666666666666
A11: 2026-03 | B11: ='통계표'!$K$11 -> 0.631578947368421 | C11: ='통계표'!$T$11 -> 1 | D11: ='통계표'!$L$11 -> 0.21052631578947367 | E11: ='통계표'!$U$11 -> 0 | F11: ='통계표'!$M$11 -> 0.15789473684210525 | G11: ='통계표'!$V$11 -> 0 | H11: ='통계표'!$N$11 -> 0.2 | I11: ='통계표'!$W$11 -> 0
A12: 2026-04 | B12: ='통계표'!$K$12 -> 0.7241379310344828 | C12: ='통계표'!$T$12 -> 1 | D12: ='통계표'!$L$12 -> 0.2413793103448276 | E12: ='통계표'!$U$12 -> 0 | F12: ='통계표'!$M$12 -> 0.034482758620689655 | G12: ='통계표'!$V$12 -> 0 | H12: ='통계표'!$N$12 -> 0.3125 | I12: ='통계표'!$W$12 -> 0.25
A13: 2026-05 | B13: ='통계표'!$K$13 -> 0.4 | C13: ='통계표'!$T$13 -> 0.5 | D13: ='통계표'!$L$13 -> 0.55 | E13: ='통계표'!$U$13 -> 0.5 | F13: ='통계표'!$M$13 -> 0.05 | G13: ='통계표'!$V$13 -> 0 | H13: ='통계표'!$N$13 -> 0.09090909090909091 | I13: ='통계표'!$W$13 -> 0
A14: 2026-06 | B14: ='통계표'!$K$14 -> 0.4666666666666667 | C14: ='통계표'!$T$14 -> 0.75 | D14: ='통계표'!$L$14 -> 0.4 | E14: ='통계표'!$U$14 -> 0.25 | F14: ='통계표'!$M$14 -> 0.13333333333333333 | G14: ='통계표'!$V$14 -> 0 | H14: ='통계표'!$N$14 -> 0.05555555555555555 | I14: ='통계표'!$W$14 -> 0.25
A15: 2026-07 | B15: ='통계표'!$K$15 -> 0.59375 | C15: ='통계표'!$T$15 -> 1 | D15: ='통계표'!$L$15 -> 0.1875 | E15: ='통계표'!$U$15 -> 0 | F15: ='통계표'!$M$15 -> 0.21875 | G15: ='통계표'!$V$15 -> 0 | H15: ='통계표'!$N$15 -> 0.2647058823529412 | I15: ='통계표'!$W$15 -> 0.75
A16: 2026-08 | B16: ='통계표'!$K$16 -> 0.47368421052631576 | C16: ='통계표'!$T$16 -> 1 | D16: ='통계표'!$L$16 -> 0.2631578947368421 | E16: ='통계표'!$U$16 -> 0 | F16: ='통계표'!$M$16 -> 0.2631578947368421 | G16: ='통계표'!$V$16 -> 0 | H16: ='통계표'!$N$16 -> 0.2608695652173913 | I16: ='통계표'!$W$16 -> 0
A17: 2026-09 | B17: ='통계표'!$K$17 -> 0.4107142857142857 | C17: ='통계표'!$T$17 -> 0.75 | D17: ='통계표'!$L$17 -> 0.29464285714285715 | E17: ='통계표'!$U$17 -> 0 | F17: ='통계표'!$M$17 -> 0.29464285714285715 | G17: ='통계표'!$V$17 -> 0.25 | H17: ='통계표'!$N$17 -> 0.3310344827586207 | I17: ='통계표'!$W$17 -> 0.25
A18: 2026-10

Sheet 조회 조건
A1: 월별 추이 · 처리결과 비율 · 조회 조건
A3: 내려받은 시각 | B3: 2026-10-04 01:33:02 (한국 시간)
A4: 자료 버전 | B4: e2e-synthetic-1
A5: 날짜 기준 | B5: 답변일
A6: 기간 | B6: 2025-10-05 — 2026-10-04 · 일부 기간: 첫 달은 2025.10.05부터, 마지막 달은 2026.10.04까지
A7: 자료 버전 | B7: e2e-synthetic-1
A8: 대상 범위 | B8: 전국 · 모든 분류
A9: 보기 | B9: 처리결과 비율 (수용률, 불수용률, 일부수용률, 과태료 부과율)
A10: 내 신고 | B10: 함께 넣음
A11: 계산 방법 | B11: 수용률·일부수용률·불수용률은 (수용+일부수용+불수용) 중 비율, 과태료 부과율은 전체 답변 중 과태료 처분의 비율입니다. 미분류는 안전신문고 처리 상태가 ‘답변완료’·‘기타’라 수용 여부가 없는 답변입니다.
A12: 빈 칸의 뜻 | B12: 계산 불가: 기준 신고 0건 · 제공 안 됨: 아직 없는 항목 · 자료 없음: 자료 기간 밖
A13: 이 파일에 대해 | B13: 내려받은 시점의 결과입니다.
