Workbook

Sheet 통계표
A1: 맞춤 통계 · 기관 × 위반법규 · 과태료 부과율, 답변 건수
A2: 2026-10-04 00:24:37 (한국 시간)에 내려받은 결과입니다. 조건은 ‘조회 조건’ 시트에 있습니다.
B4: 도로교통법 제32조 | C4: 도로교통법 제32조 | D4: 도로교통법 제32조 | E4: 도로교통법 제32조 | F4: 도로교통법 제32조 | G4: 도로교통법 제5조 | H4: 도로교통법 제5조 | I4: 도로교통법 제5조 | J4: 도로교통법 제5조 | K4: 도로교통법 제5조 | L4: 도로교통법 제33조 | M4: 도로교통법 제33조 | N4: 도로교통법 제33조 | O4: 도로교통법 제33조 | P4: 도로교통법 제33조 | Q4: 도로교통법 제27조 | R4: 도로교통법 제27조 | S4: 도로교통법 제27조 | T4: 도로교통법 제27조 | U4: 도로교통법 제27조 | V4: 도로교통법 제34조 | W4: 도로교통법 제34조 | X4: 도로교통법 제34조 | Y4: 도로교통법 제34조 | Z4: 도로교통법 제34조 | AA4: 도로교통법 제35조 | AB4: 도로교통법 제35조 | AC4: 도로교통법 제35조 | AD4: 도로교통법 제35조 | AE4: 도로교통법 제35조 | AF4: 자동차관리법 제10조 | AG4: 자동차관리법 제10조 | AH4: 자동차관리법 제10조 | AI4: 자동차관리법 제10조 | AJ4: 자동차관리법 제10조 | AK4: 도로교통법 제49조 | AL4: 도로교통법 제49조 | AM4: 도로교통법 제49조 | AN4: 도로교통법 제49조 | AO4: 도로교통법 제49조 | AP4: 도로교통법 제38조 | AQ4: 도로교통법 제38조 | AR4: 도로교통법 제38조 | AS4: 도로교통법 제38조 | AT4: 도로교통법 제38조 | AU4: 도로교통법 제13조 | AV4: 도로교통법 제13조 | AW4: 도로교통법 제13조 | AX4: 도로교통법 제13조 | AY4: 도로교통법 제13조 | AZ4: 주차장법 제29조 | BA4: 주차장법 제29조 | BB4: 주차장법 제29조 | BC4: 주차장법 제29조 | BD4: 주차장법 제29조 | BE4: 도로교통법 제5조의2 | BF4: 도로교통법 제5조의2 | BG4: 도로교통법 제5조의2 | BH4: 도로교통법 제5조의2 | BI4: 도로교통법 제5조의2 | BJ4: 도로교통법 제25조 | BK4: 도로교통법 제25조 | BL4: 도로교통법 제25조 | BM4: 도로교통법 제25조 | BN4: 도로교통법 제25조 | BO4: 법규 미상 | BP4: 법규 미상 | BQ4: 법규 미상 | BR4: 법규 미상 | BS4: 법규 미상 | BT4: 행 합계 | BU4: 행 합계 | BV4: 행 합계 | BW4: 행 합계 | BX4: 행 합계
B5: 과태료 부과율 | C5: 과태료 부과율 | D5: 과태료 부과율 | E5: 답변 건수 | F5: 답변 건수 | G5: 과태료 부과율 | H5: 과태료 부과율 | I5: 과태료 부과율 | J5: 답변 건수 | K5: 답변 건수 | L5: 과태료 부과율 | M5: 과태료 부과율 | N5: 과태료 부과율 | O5: 답변 건수 | P5: 답변 건수 | Q5: 과태료 부과율 | R5: 과태료 부과율 | S5: 과태료 부과율 | T5: 답변 건수 | U5: 답변 건수 | V5: 과태료 부과율 | W5: 과태료 부과율 | X5: 과태료 부과율 | Y5: 답변 건수 | Z5: 답변 건수 | AA5: 과태료 부과율 | AB5: 과태료 부과율 | AC5: 과태료 부과율 | AD5: 답변 건수 | AE5: 답변 건수 | AF5: 과태료 부과율 | AG5: 과태료 부과율 | AH5: 과태료 부과율 | AI5: 답변 건수 | AJ5: 답변 건수 | AK5: 과태료 부과율 | AL5: 과태료 부과율 | AM5: 과태료 부과율 | AN5: 답변 건수 | AO5: 답변 건수 | AP5: 과태료 부과율 | AQ5: 과태료 부과율 | AR5: 과태료 부과율 | AS5: 답변 건수 | AT5: 답변 건수 | AU5: 과태료 부과율 | AV5: 과태료 부과율 | AW5: 과태료 부과율 | AX5: 답변 건수 | AY5: 답변 건수 | AZ5: 과태료 부과율 | BA5: 과태료 부과율 | BB5: 과태료 부과율 | BC5: 답변 건수 | BD5: 답변 건수 | BE5: 과태료 부과율 | BF5: 과태료 부과율 | BG5: 과태료 부과율 | BH5: 답변 건수 | BI5: 답변 건수 | BJ5: 과태료 부과율 | BK5: 과태료 부과율 | BL5: 과태료 부과율 | BM5: 답변 건수 | BN5: 답변 건수 | BO5: 과태료 부과율 | BP5: 과태료 부과율 | BQ5: 과태료 부과율 | BR5: 답변 건수 | BS5: 답변 건수 | BT5: 과태료 부과율 | BU5: 과태료 부과율 | BV5: 과태료 부과율 | BW5: 답변 건수 | BX5: 답변 건수
A7: 기관 | B7: 도로교통법 제32조 · 과태료 부과율 · 비율 | C7: 도로교통법 제32조 · 과태료 부과율 · 해당 건수 | D7: 도로교통법 제32조 · 과태료 부과율 · 기준 건수 | E7: 도로교통법 제32조 · 답변 건수 · 값 | F7: 도로교통법 제32조 · 답변 건수 · 합계 | G7: 도로교통법 제5조 · 과태료 부과율 · 비율 | H7: 도로교통법 제5조 · 과태료 부과율 · 해당 건수 | I7: 도로교통법 제5조 · 과태료 부과율 · 기준 건수 | J7: 도로교통법 제5조 · 답변 건수 · 값 | K7: 도로교통법 제5조 · 답변 건수 · 합계 | L7: 도로교통법 제33조 · 과태료 부과율 · 비율 | M7: 도로교통법 제33조 · 과태료 부과율 · 해당 건수 | N7: 도로교통법 제33조 · 과태료 부과율 · 기준 건수 | O7: 도로교통법 제33조 · 답변 건수 · 값 | P7: 도로교통법 제33조 · 답변 건수 · 합계 | Q7: 도로교통법 제27조 · 과태료 부과율 · 비율 | R7: 도로교통법 제27조 · 과태료 부과율 · 해당 건수 | S7: 도로교통법 제27조 · 과태료 부과율 · 기준 건수 | T7: 도로교통법 제27조 · 답변 건수 · 값 | U7: 도로교통법 제27조 · 답변 건수 · 합계 | V7: 도로교통법 제34조 · 과태료 부과율 · 비율 | W7: 도로교통법 제34조 · 과태료 부과율 · 해당 건수 | X7: 도로교통법 제34조 · 과태료 부과율 · 기준 건수 | Y7: 도로교통법 제34조 · 답변 건수 · 값 | Z7: 도로교통법 제34조 · 답변 건수 · 합계 | AA7: 도로교통법 제35조 · 과태료 부과율 · 비율 | AB7: 도로교통법 제35조 · 과태료 부과율 · 해당 건수 | AC7: 도로교통법 제35조 · 과태료 부과율 · 기준 건수 | AD7: 도로교통법 제35조 · 답변 건수 · 값 | AE7: 도로교통법 제35조 · 답변 건수 · 합계 | AF7: 자동차관리법 제10조 · 과태료 부과율 · 비율 | AG7: 자동차관리법 제10조 · 과태료 부과율 · 해당 건수 | AH7: 자동차관리법 제10조 · 과태료 부과율 · 기준 건수 | AI7: 자동차관리법 제10조 · 답변 건수 · 값 | AJ7: 자동차관리법 제10조 · 답변 건수 · 합계 | AK7: 도로교통법 제49조 · 과태료 부과율 · 비율 | AL7: 도로교통법 제49조 · 과태료 부과율 · 해당 건수 | AM7: 도로교통법 제49조 · 과태료 부과율 · 기준 건수 | AN7: 도로교통법 제49조 · 답변 건수 · 값 | AO7: 도로교통법 제49조 · 답변 건수 · 합계 | AP7: 도로교통법 제38조 · 과태료 부과율 · 비율 | AQ7: 도로교통법 제38조 · 과태료 부과율 · 해당 건수 | AR7: 도로교통법 제38조 · 과태료 부과율 · 기준 건수 | AS7: 도로교통법 제38조 · 답변 건수 · 값 | AT7: 도로교통법 제38조 · 답변 건수 · 합계 | AU7: 도로교통법 제13조 · 과태료 부과율 · 비율 | AV7: 도로교통법 제13조 · 과태료 부과율 · 해당 건수 | AW7: 도로교통법 제13조 · 과태료 부과율 · 기준 건수 | AX7: 도로교통법 제13조 · 답변 건수 · 값 | AY7: 도로교통법 제13조 · 답변 건수 · 합계 | AZ7: 주차장법 제29조 · 과태료 부과율 · 비율 | BA7: 주차장법 제29조 · 과태료 부과율 · 해당 건수 | BB7: 주차장법 제29조 · 과태료 부과율 · 기준 건수 | BC7: 주차장법 제29조 · 답변 건수 · 값 | BD7: 주차장법 제29조 · 답변 건수 · 합계 | BE7: 도로교통법 제5조의2 · 과태료 부과율 · 비율 | BF7: 도로교통법 제5조의2 · 과태료 부과율 · 해당 건수 | BG7: 도로교통법 제5조의2 · 과태료 부과율 · 기준 건수 | BH7: 도로교통법 제5조의2 · 답변 건수 · 값 | BI7: 도로교통법 제5조의2 · 답변 건수 · 합계 | BJ7: 도로교통법 제25조 · 과태료 부과율 · 비율 | BK7: 도로교통법 제25조 · 과태료 부과율 · 해당 건수 | BL7: 도로교통법 제25조 · 과태료 부과율 · 기준 건수 | BM7: 도로교통법 제25조 · 답변 건수 · 값 | BN7: 도로교통법 제25조 · 답변 건수 · 합계 | BO7: 법규 미상 · 과태료 부과율 · 비율 | BP7: 법규 미상 · 과태료 부과율 · 해당 건수 | BQ7: 법규 미상 · 과태료 부과율 · 기준 건수 | BR7: 법규 미상 · 답변 건수 · 값 | BS7: 법규 미상 · 답변 건수 · 합계 | BT7: 행 합계 · 과태료 부과율 · 비율 | BU7: 행 합계 · 과태료 부과율 · 해당 건수 | BV7: 행 합계 · 과태료 부과율 · 기준 건수 | BW7: 행 합계 · 답변 건수 · 값 | BX7: 행 합계 · 답변 건수 · 합계
A8: 예시 대구수성경찰서 | B8: =C8/D8 -> 0.3565217391304348 | C8: 41 | D8: 115 | E8: 115 | F8: 115 | G8: =H8/I8 -> 0.5 | H8: 1 | I8: 2 | J8: 2 | K8: 2 | L8: — | O8: — | Q8: =R8/S8 -> 0 | R8: 0 | S8: 2 | T8: 2 | U8: 2 | V8: =W8/X8 -> 0.3333333333333333 | W8: 1 | X8: 3 | Y8: 3 | Z8: 3 | AA8: =AB8/AC8 -> 1 | AB8: 1 | AC8: 1 | AD8: 1 | AE8: 1 | AF8: =AG8/AH8 -> 0 | AG8: 0 | AH8: 1 | AI8: 1 | AJ8: 1 | AK8: — | AN8: — | AP8: — | AS8: — | AU8: =AV8/AW8 -> 1 | AV8: 1 | AW8: 1 | AX8: 1 | AY8: 1 | AZ8: =BA8/BB8 -> 0.3333333333333333 | BA8: 1 | BB8: 3 | BC8: 3 | BD8: 3 | BE8: — | BH8: — | BJ8: — | BM8: — | BO8: =BP8/BQ8 -> 0 | BP8: 0 | BQ8: 3 | BR8: 3 | BS8: 3 | BT8: =BU8/BV8 -> 0.3511450381679389 | BU8: 46 | BV8: 131 | BW8: 131 | BX8: 131
A9: 예시 서울중부경찰서 | B9: =C9/D9 -> 0.14285714285714285 | C9: 1 | D9: 7 | E9: 7 | F9: 7 | G9: =H9/I9 -> 0.5833333333333334 | H9: 7 | I9: 12 | J9: 12 | K9: 12 | L9: =M9/N9 -> 0.3333333333333333 | M9: 2 | N9: 6 | O9: 6 | P9: 6 | Q9: =R9/S9 -> 0.2 | R9: 1 | S9: 5 | T9: 5 | U9: 5 | V9: =W9/X9 -> 0.4 | W9: 2 | X9: 5 | Y9: 5 | Z9: 5 | AA9: =AB9/AC9 -> 0 | AB9: 0 | AC9: 5 | AD9: 5 | AE9: 5 | AF9: =AG9/AH9 -> 0.3333333333333333 | AG9: 1 | AH9: 3 | AI9: 3 | AJ9: 3 | AK9: =AL9/AM9 -> 0 | AL9: 0 | AM9: 2 | AN9: 2 | AO9: 2 | AP9: =AQ9/AR9 -> 0 | AQ9: 0 | AR9: 2 | AS9: 2 | AT9: 2 | AU9: =AV9/AW9 -> 0.3333333333333333 | AV9: 1 | AW9: 3 | AX9: 3 | AY9: 3 | AZ9: =BA9/BB9 -> 0 | BA9: 0 | BB9: 2 | BC9: 2 | BD9: 2 | BE9: =BF9/BG9 -> 0.3333333333333333 | BF9: 1 | BG9: 3 | BH9: 3 | BI9: 3 | BJ9: =BK9/BL9 -> 0 | BK9: 0 | BL9: 1 | BM9: 1 | BN9: 1 | BO9: =BP9/BQ9 -> 0.25 | BP9: 2 | BQ9: 8 | BR9: 8 | BS9: 8 | BT9: =BU9/BV9 -> 0.28125 | BU9: 18 | BV9: 64 | BW9: 64 | BX9: 64
A10: 예시 강남구청 | B10: =C10/D10 -> 0.1111111111111111 | C10: 1 | D10: 9 | E10: 9 | F10: 9 | G10: =H10/I10 -> 0.6 | H10: 3 | I10: 5 | J10: 5 | K10: 5 | L10: =M10/N10 -> 0.3333333333333333 | M10: 2 | N10: 6 | O10: 6 | P10: 6 | Q10: =R10/S10 -> 0.3333333333333333 | R10: 1 | S10: 3 | T10: 3 | U10: 3 | V10: =W10/X10 -> 0.3333333333333333 | W10: 1 | X10: 3 | Y10: 3 | Z10: 3 | AA10: =AB10/AC10 -> 0.25 | AB10: 1 | AC10: 4 | AD10: 4 | AE10: 4 | AF10: =AG10/AH10 -> 0 | AG10: 0 | AH10: 2 | AI10: 2 | AJ10: 2 | AK10: =AL10/AM10 -> 0 | AL10: 0 | AM10: 4 | AN10: 4 | AO10: 4 | AP10: =AQ10/AR10 -> 0 | AQ10: 0 | AR10: 1 | AS10: 1 | AT10: 1 | AU10: =AV10/AW10 -> 0 | AV10: 0 | AW10: 1 | AX10: 1 | AY10: 1 | AZ10: =BA10/BB10 -> 0 | BA10: 0 | BB10: 1 | BC10: 1 | BD10: 1 | BE10: =BF10/BG10 -> 0.6666666666666666 | BF10: 2 | BG10: 3 | BH10: 3 | BI10: 3 | BJ10: =BK10/BL10 -> 0.3333333333333333 | BK10: 1 | BL10: 3 | BM10: 3 | BN10: 3 | BO10: =BP10/BQ10 -> 0.25 | BP10: 2 | BQ10: 8 | BR10: 8 | BS10: 8 | BT10: =BU10/BV10 -> 0.2641509433962264 | BU10: 14 | BV10: 53 | BW10: 53 | BX10: 53
A11: 예시 수원시청 | B11: =C11/D11 -> 0.4444444444444444 | C11: 4 | D11: 9 | E11: 9 | F11: 9 | G11: =H11/I11 -> 0 | H11: 0 | I11: 4 | J11: 4 | K11: 4 | L11: =M11/N11 -> 0 | M11: 0 | N11: 2 | O11: 2 | P11: 2 | Q11: =R11/S11 -> 0.5 | R11: 1 | S11: 2 | T11: 2 | U11: 2 | V11: =W11/X11 -> 0.4 | W11: 2 | X11: 5 | Y11: 5 | Z11: 5 | AA11: =AB11/AC11 -> 0.25 | AB11: 1 | AC11: 4 | AD11: 4 | AE11: 4 | AF11: =AG11/AH11 -> 0 | AG11: 0 | AH11: 4 | AI11: 4 | AJ11: 4 | AK11: =AL11/AM11 -> 0 | AL11: 0 | AM11: 3 | AN11: 3 | AO11: 3 | AP11: =AQ11/AR11 -> 0.2 | AQ11: 1 | AR11: 5 | AS11: 5 | AT11: 5 | AU11: =AV11/AW11 -> 0 | AV11: 0 | AW11: 1 | AX11: 1 | AY11: 1 | AZ11: =BA11/BB11 -> 0 | BA11: 0 | BB11: 2 | BC11: 2 | BD11: 2 | BE11: =BF11/BG11 -> 0 | BF11: 0 | BG11: 1 | BH11: 1 | BI11: 1 | BJ11: =BK11/BL11 -> 0.6666666666666666 | BK11: 2 | BL11: 3 | BM11: 3 | BN11: 3 | BO11: =BP11/BQ11 -> 0.3333333333333333 | BP11: 2 | BQ11: 6 | BR11: 6 | BS11: 6 | BT11: =BU11/BV11 -> 0.2549019607843137 | BU11: 13 | BV11: 51 | BW11: 51 | BX11: 51
A12: 예시 인천남동경찰서 | B12: =C12/D12 -> 0.2857142857142857 | C12: 2 | D12: 7 | E12: 7 | F12: 7 | G12: =H12/I12 -> 0 | H12: 0 | I12: 1 | J12: 1 | K12: 1 | L12: =M12/N12 -> 0 | M12: 0 | N12: 1 | O12: 1 | P12: 1 | Q12: =R12/S12 -> 0 | R12: 0 | S12: 3 | T12: 3 | U12: 3 | V12: =W12/X12 -> 0 | W12: 0 | X12: 1 | Y12: 1 | Z12: 1 | AA12: — | AD12: — | AF12: =AG12/AH12 -> 1 | AG12: 1 | AH12: 1 | AI12: 1 | AJ12: 1 | AK12: =AL12/AM12 -> 0.3333333333333333 | AL12: 1 | AM12: 3 | AN12: 3 | AO12: 3 | AP12: =AQ12/AR12 -> 0.5 | AQ12: 1 | AR12: 2 | AS12: 2 | AT12: 2 | AU12: =AV12/AW12 -> 0.5 | AV12: 1 | AW12: 2 | AX12: 2 | AY12: 2 | AZ12: =BA12/BB12 -> 0.5 | BA12: 1 | BB12: 2 | BC12: 2 | BD12: 2 | BE12: — | BH12: — | BJ12: — | BM12: — | BO12: =BP12/BQ12 -> 0 | BP12: 0 | BQ12: 4 | BR12: 4 | BS12: 4 | BT12: =BU12/BV12 -> 0.25925925925925924 | BU12: 7 | BV12: 27 | BW12: 27 | BX12: 27
A13: 예시 해운대구청 | B13: =C13/D13 -> 0.3333333333333333 | C13: 1 | D13: 3 | E13: 3 | F13: 3 | G13: =H13/I13 -> 1 | H13: 2 | I13: 2 | J13: 2 | K13: 2 | L13: =M13/N13 -> 0.5 | M13: 1 | N13: 2 | O13: 2 | P13: 2 | Q13: =R13/S13 -> 1 | R13: 1 | S13: 1 | T13: 1 | U13: 1 | V13: — | Y13: — | AA13: =AB13/AC13 -> 0 | AB13: 0 | AC13: 2 | AD13: 2 | AE13: 2 | AF13: =AG13/AH13 -> 0.3333333333333333 | AG13: 1 | AH13: 3 | AI13: 3 | AJ13: 3 | AK13: — | AN13: — | AP13: — | AS13: — | AU13: =AV13/AW13 -> 0 | AV13: 0 | AW13: 1 | AX13: 1 | AY13: 1 | AZ13: — | BC13: — | BE13: — | BH13: — | BJ13: — | BM13: — | BO13: =BP13/BQ13 -> 0.16666666666666666 | BP13: 1 | BQ13: 6 | BR13: 6 | BS13: 6 | BT13: =BU13/BV13 -> 0.35 | BU13: 7 | BV13: 20 | BW13: 20 | BX13: 20
A14: 예시 대전서구청 | B14: =C14/D14 -> 0.5 | C14: 1 | D14: 2 | E14: 2 | F14: 2 | G14: — | J14: — | L14: =M14/N14 -> 0 | M14: 0 | N14: 2 | O14: 2 | P14: 2 | Q14: =R14/S14 -> 0.6666666666666666 | R14: 2 | S14: 3 | T14: 3 | U14: 3 | V14: — | Y14: — | AA14: — | AD14: — | AF14: — | AI14: — | AK14: =AL14/AM14 -> 0 | AL14: 0 | AM14: 1 | AN14: 1 | AO14: 1 | AP14: =AQ14/AR14 -> 0 | AQ14: 0 | AR14: 2 | AS14: 2 | AT14: 2 | AU14: =AV14/AW14 -> 0 | AV14: 0 | AW14: 2 | AX14: 2 | AY14: 2 | AZ14: =BA14/BB14 -> 1 | BA14: 1 | BB14: 1 | BC14: 1 | BD14: 1 | BE14: =BF14/BG14 -> 0 | BF14: 0 | BG14: 1 | BH14: 1 | BI14: 1 | BJ14: =BK14/BL14 -> 0.5 | BK14: 1 | BL14: 2 | BM14: 2 | BN14: 2 | BO14: =BP14/BQ14 -> 0 | BP14: 0 | BQ14: 1 | BR14: 1 | BS14: 1 | BT14: =BU14/BV14 -> 0.29411764705882354 | BU14: 5 | BV14: 17 | BW14: 17 | BX14: 17
A15: 예시 부산연제경찰서 | B15: =C15/D15 -> 0 | C15: 0 | D15: 2 | E15: 2 | F15: 2 | G15: =H15/I15 -> 0 | H15: 0 | I15: 2 | J15: 2 | K15: 2 | L15: =M15/N15 -> 0 | M15: 0 | N15: 1 | O15: 1 | P15: 1 | Q15: =R15/S15 -> 0 | R15: 0 | S15: 2 | T15: 2 | U15: 2 | V15: — | Y15: — | AA15: =AB15/AC15 -> 1 | AB15: 1 | AC15: 1 | AD15: 1 | AE15: 1 | AF15: =AG15/AH15 -> 0 | AG15: 0 | AH15: 1 | AI15: 1 | AJ15: 1 | AK15: =AL15/AM15 -> 0 | AL15: 0 | AM15: 1 | AN15: 1 | AO15: 1 | AP15: — | AS15: — | AU15: =AV15/AW15 -> 0 | AV15: 0 | AW15: 1 | AX15: 1 | AY15: 1 | AZ15: =BA15/BB15 -> 0 | BA15: 0 | BB15: 1 | BC15: 1 | BD15: 1 | BE15: =BF15/BG15 -> 0 | BF15: 0 | BG15: 2 | BH15: 2 | BI15: 2 | BJ15: — | BM15: — | BO15: =BP15/BQ15 -> 0.3333333333333333 | BP15: 1 | BQ15: 3 | BR15: 3 | BS15: 3 | BT15: =BU15/BV15 -> 0.11764705882352941 | BU15: 2 | BV15: 17 | BW15: 17 | BX15: 17
A16: 예시 광주북구청 | B16: =C16/D16 -> 1 | C16: 1 | D16: 1 | E16: 1 | F16: 1 | G16: =H16/I16 -> 0.5 | H16: 1 | I16: 2 | J16: 2 | K16: 2 | L16: =M16/N16 -> 0 | M16: 0 | N16: 2 | O16: 2 | P16: 2 | Q16: =R16/S16 -> 0 | R16: 0 | S16: 1 | T16: 1 | U16: 1 | V16: =W16/X16 -> 0 | W16: 0 | X16: 1 | Y16: 1 | Z16: 1 | AA16: — | AD16: — | AF16: — | AI16: — | AK16: =AL16/AM16 -> 0 | AL16: 0 | AM16: 1 | AN16: 1 | AO16: 1 | AP16: =AQ16/AR16 -> 0.5 | AQ16: 1 | AR16: 2 | AS16: 2 | AT16: 2 | AU16: =AV16/AW16 -> 0 | AV16: 0 | AW16: 2 | AX16: 2 | AY16: 2 | AZ16: — | BC16: — | BE16: — | BH16: — | BJ16: — | BM16: — | BO16: =BP16/BQ16 -> 0.5 | BP16: 1 | BQ16: 2 | BR16: 2 | BS16: 2 | BT16: =BU16/BV16 -> 0.2857142857142857 | BU16: 4 | BV16: 14 | BW16: 14 | BX16: 14
A17: 예시 제주시청 | B17: =C17/D17 -> 1 | C17: 1 | D17: 1 | E17: 1 | F17: 1 | G17: =H17/I17 -> 0 | H17: 0 | I17: 2 | J17: 2 | K17: 2 | L17: =M17/N17 -> 0 | M17: 0 | N17: 1 | O17: 1 | P17: 1 | Q17: — | T17: — | V17: — | Y17: — | AA17: =AB17/AC17 -> 1 | AB17: 1 | AC17: 1 | AD17: 1 | AE17: 1 | AF17: =AG17/AH17 -> 0.6666666666666666 | AG17: 2 | AH17: 3 | AI17: 3 | AJ17: 3 | AK17: =AL17/AM17 -> 0 | AL17: 0 | AM17: 1 | AN17: 1 | AO17: 1 | AP17: =AQ17/AR17 -> 0 | AQ17: 0 | AR17: 1 | AS17: 1 | AT17: 1 | AU17: — | AX17: — | AZ17: =BA17/BB17 -> 0 | BA17: 0 | BB17: 1 | BC17: 1 | BD17: 1 | BE17: =BF17/BG17 -> 0 | BF17: 0 | BG17: 1 | BH17: 1 | BI17: 1 | BJ17: =BK17/BL17 -> 0 | BK17: 0 | BL17: 1 | BM17: 1 | BN17: 1 | BO17: =BP17/BQ17 -> 0 | BP17: 0 | BQ17: 1 | BR17: 1 | BS17: 1 | BT17: =BU17/BV17 -> 0.2857142857142857 | BU17: 4 | BV17: 14 | BW17: 14 | BX17: 14
A18: 합계 | B18: =C18/D18 -> 0.33974358974358976 | C18: 53 | D18: 156 | E18: 156 | F18: 156 | G18: =H18/I18 -> 0.4375 | H18: 14 | I18: 32 | J18: 32 | K18: 32 | L18: =M18/N18 -> 0.21739130434782608 | M18: 5 | N18: 23 | O18: 23 | P18: 23 | Q18: =R18/S18 -> 0.2727272727272727 | R18: 6 | S18: 22 | T18: 22 | U18: 22 | V18: =W18/X18 -> 0.3333333333333333 | W18: 6 | X18: 18 | Y18: 18 | Z18: 18 | AA18: =AB18/AC18 -> 0.2777777777777778 | AB18: 5 | AC18: 18 | AD18: 18 | AE18: 18 | AF18: =AG18/AH18 -> 0.2777777777777778 | AG18: 5 | AH18: 18 | AI18: 18 | AJ18: 18 | AK18: =AL18/AM18 -> 0.0625 | AL18: 1 | AM18: 16 | AN18: 16 | AO18: 16 | AP18: =AQ18/AR18 -> 0.2 | AQ18: 3 | AR18: 15 | AS18: 15 | AT18: 15 | AU18: =AV18/AW18 -> 0.21428571428571427 | AV18: 3 | AW18: 14 | AX18: 14 | AY18: 14 | AZ18: =BA18/BB18 -> 0.23076923076923078 | BA18: 3 | BB18: 13 | BC18: 13 | BD18: 13 | BE18: =BF18/BG18 -> 0.2727272727272727 | BF18: 3 | BG18: 11 | BH18: 11 | BI18: 11 | BJ18: =BK18/BL18 -> 0.4 | BK18: 4 | BL18: 10 | BM18: 10 | BN18: 10 | BO18: =BP18/BQ18 -> 0.21428571428571427 | BP18: 9 | BQ18: 42 | BR18: 42 | BS18: 42 | BT18: =BU18/BV18 -> 0.29411764705882354 | BU18: 120 | BV18: 408 | BW18: 408 | BX18: 408
A20: 합계는 칸을 더한 값이 아니라 해당 신고 전체로 다시 계산한 값입니다.
A21: 비율은 같은 줄의 ‘해당 건수 ÷ 기준 건수’ 수식입니다.

Sheet 차트
A1: 맞춤 통계 · 기관 × 위반법규 · 과태료 부과율, 답변 건수 · 차트
A3: 과태료 부과율 · 막대

Sheet 차트 데이터
A1: 차트 데이터
A2: 차트가 그리는 숫자입니다. ‘통계표’ 시트에서 가져옵니다.
A4: 과태료 부과율 · 막대
A5: 기관 | B5: 도로교통법 제32조 · 과태료 부과율 | C5: 도로교통법 제5조 · 과태료 부과율 | D5: 도로교통법 제33조 · 과태료 부과율 | E5: 도로교통법 제27조 · 과태료 부과율 | F5: 도로교통법 제34조 · 과태료 부과율 | G5: 도로교통법 제35조 · 과태료 부과율 | H5: 자동차관리법 제10조 · 과태료 부과율 | I5: 도로교통법 제49조 · 과태료 부과율 | J5: 도로교통법 제38조 · 과태료 부과율 | K5: 도로교통법 제13조 · 과태료 부과율 | L5: 주차장법 제29조 · 과태료 부과율 | M5: 도로교통법 제5조의2 · 과태료 부과율 | N5: 도로교통법 제25조 · 과태료 부과율 | O5: 법규 미상 · 과태료 부과율
A6: 예시 대구수성경찰서 | B6: ='통계표'!$B$8 -> 0.3565217391304348 | C6: ='통계표'!$G$8 -> 0.5 | E6: ='통계표'!$Q$8 -> 0 | F6: ='통계표'!$V$8 -> 0.3333333333333333 | G6: ='통계표'!$AA$8 -> 1 | H6: ='통계표'!$AF$8 -> 0 | K6: ='통계표'!$AU$8 -> 1 | L6: ='통계표'!$AZ$8 -> 0.3333333333333333 | O6: ='통계표'!$BO$8 -> 0
A7: 예시 서울중부경찰서 | B7: ='통계표'!$B$9 -> 0.14285714285714285 | C7: ='통계표'!$G$9 -> 0.5833333333333334 | D7: ='통계표'!$L$9 -> 0.3333333333333333 | E7: ='통계표'!$Q$9 -> 0.2 | F7: ='통계표'!$V$9 -> 0.4 | G7: ='통계표'!$AA$9 -> 0 | H7: ='통계표'!$AF$9 -> 0.3333333333333333 | I7: ='통계표'!$AK$9 -> 0 | J7: ='통계표'!$AP$9 -> 0 | K7: ='통계표'!$AU$9 -> 0.3333333333333333 | L7: ='통계표'!$AZ$9 -> 0 | M7: ='통계표'!$BE$9 -> 0.3333333333333333 | N7: ='통계표'!$BJ$9 -> 0 | O7: ='통계표'!$BO$9 -> 0.25
A8: 예시 강남구청 | B8: ='통계표'!$B$10 -> 0.1111111111111111 | C8: ='통계표'!$G$10 -> 0.6 | D8: ='통계표'!$L$10 -> 0.3333333333333333 | E8: ='통계표'!$Q$10 -> 0.3333333333333333 | F8: ='통계표'!$V$10 -> 0.3333333333333333 | G8: ='통계표'!$AA$10 -> 0.25 | H8: ='통계표'!$AF$10 -> 0 | I8: ='통계표'!$AK$10 -> 0 | J8: ='통계표'!$AP$10 -> 0 | K8: ='통계표'!$AU$10 -> 0 | L8: ='통계표'!$AZ$10 -> 0 | M8: ='통계표'!$BE$10 -> 0.6666666666666666 | N8: ='통계표'!$BJ$10 -> 0.3333333333333333 | O8: ='통계표'!$BO$10 -> 0.25
A9: 예시 수원시청 | B9: ='통계표'!$B$11 -> 0.4444444444444444 | C9: ='통계표'!$G$11 -> 0 | D9: ='통계표'!$L$11 -> 0 | E9: ='통계표'!$Q$11 -> 0.5 | F9: ='통계표'!$V$11 -> 0.4 | G9: ='통계표'!$AA$11 -> 0.25 | H9: ='통계표'!$AF$11 -> 0 | I9: ='통계표'!$AK$11 -> 0 | J9: ='통계표'!$AP$11 -> 0.2 | K9: ='통계표'!$AU$11 -> 0 | L9: ='통계표'!$AZ$11 -> 0 | M9: ='통계표'!$BE$11 -> 0 | N9: ='통계표'!$BJ$11 -> 0.6666666666666666 | O9: ='통계표'!$BO$11 -> 0.3333333333333333
A10: 예시 인천남동경찰서 | B10: ='통계표'!$B$12 -> 0.2857142857142857 | C10: ='통계표'!$G$12 -> 0 | D10: ='통계표'!$L$12 -> 0 | E10: ='통계표'!$Q$12 -> 0 | F10: ='통계표'!$V$12 -> 0 | H10: ='통계표'!$AF$12 -> 1 | I10: ='통계표'!$AK$12 -> 0.3333333333333333 | J10: ='통계표'!$AP$12 -> 0.5 | K10: ='통계표'!$AU$12 -> 0.5 | L10: ='통계표'!$AZ$12 -> 0.5 | O10: ='통계표'!$BO$12 -> 0
A11: 예시 해운대구청 | B11: ='통계표'!$B$13 -> 0.3333333333333333 | C11: ='통계표'!$G$13 -> 1 | D11: ='통계표'!$L$13 -> 0.5 | E11: ='통계표'!$Q$13 -> 1 | G11: ='통계표'!$AA$13 -> 0 | H11: ='통계표'!$AF$13 -> 0.3333333333333333 | K11: ='통계표'!$AU$13 -> 0 | O11: ='통계표'!$BO$13 -> 0.16666666666666666
A12: 예시 대전서구청 | B12: ='통계표'!$B$14 -> 0.5 | D12: ='통계표'!$L$14 -> 0 | E12: ='통계표'!$Q$14 -> 0.6666666666666666 | I12: ='통계표'!$AK$14 -> 0 | J12: ='통계표'!$AP$14 -> 0 | K12: ='통계표'!$AU$14 -> 0 | L12: ='통계표'!$AZ$14 -> 1 | M12: ='통계표'!$BE$14 -> 0 | N12: ='통계표'!$BJ$14 -> 0.5 | O12: ='통계표'!$BO$14 -> 0
A13: 예시 부산연제경찰서 | B13: ='통계표'!$B$15 -> 0 | C13: ='통계표'!$G$15 -> 0 | D13: ='통계표'!$L$15 -> 0 | E13: ='통계표'!$Q$15 -> 0 | G13: ='통계표'!$AA$15 -> 1 | H13: ='통계표'!$AF$15 -> 0 | I13: ='통계표'!$AK$15 -> 0 | K13: ='통계표'!$AU$15 -> 0 | L13: ='통계표'!$AZ$15 -> 0 | M13: ='통계표'!$BE$15 -> 0 | O13: ='통계표'!$BO$15 -> 0.3333333333333333
A14: 예시 광주북구청 | B14: ='통계표'!$B$16 -> 1 | C14: ='통계표'!$G$16 -> 0.5 | D14: ='통계표'!$L$16 -> 0 | E14: ='통계표'!$Q$16 -> 0 | F14: ='통계표'!$V$16 -> 0 | I14: ='통계표'!$AK$16 -> 0 | J14: ='통계표'!$AP$16 -> 0.5 | K14: ='통계표'!$AU$16 -> 0 | O14: ='통계표'!$BO$16 -> 0.5
A15: 예시 제주시청 | B15: ='통계표'!$B$17 -> 1 | C15: ='통계표'!$G$17 -> 0 | D15: ='통계표'!$L$17 -> 0 | G15: ='통계표'!$AA$17 -> 1 | H15: ='통계표'!$AF$17 -> 0.6666666666666666 | I15: ='통계표'!$AK$17 -> 0 | J15: ='통계표'!$AP$17 -> 0 | L15: ='통계표'!$AZ$17 -> 0 | M15: ='통계표'!$BE$17 -> 0 | N15: ='통계표'!$BJ$17 -> 0 | O15: ='통계표'!$BO$17 -> 0

Sheet 조회 조건
A1: 맞춤 통계 · 기관 × 위반법규 · 과태료 부과율, 답변 건수 · 조회 조건
A3: 내려받은 시각 | B3: 2026-10-04 00:24:37 (한국 시간)
A4: 자료 버전 | B4: e2e-synthetic-1
A5: 기간 | B5: 2025-10-05 — 2026-10-04
A6: 날짜 기준 | B6: 답변일
A7: 대상 범위 | B7: 전국 · 모든 분류
A8: 누구의 신고 | B8: 전체
A9: 행 | B9: 기관
A10: 열 | B10: 위반법규
A11: 지표 | B11: 과태료 부과율, 답변 건수
A12: 비교 대상 | B12: 고르지 않음 (전체)
A13: 답변 신고 | B13: 전체 408건
A14: 표 정렬 | B14: 기본 순서
... A19: 이 파일에 대해 | B19: 내려받은 시점의 결과입니다.
