Workbook

Sheet 통계표
A1: 월별 추이 · 처리결과 비율
A2: 2026-10-04 00:24:44 (한국 시간)에 내려받은 결과입니다. 조건은 ‘조회 조건’ 시트에 있습니다.
B4: 건수 | C4: 건수 | D4: 전체 | E4: 전체 | F4: 전체 | G4: 전체 | H4: 전체 | I4: 전체 | J4: 전체 | K4: 전체 | L4: 전체
A5: 답변월 | B5: 건수 · 신고(건, 답변월) | C5: 건수 · 답변 완료(건, 답변월) | D5: 전체 · 분류된 답변(건) | E5: 전체 · 수용(건) | F5: 전체 · 일부 수용(건) | G5: 전체 · 불수용(건) | H5: 전체 · 과태료 처분(건) | I5: 전체 · 수용률 (수용 ÷ (수용+일부수용+불수용)) | J5: 전체 · 불수용률 (불수용 ÷ (수용+일부수용+불수용)) | K5: 전체 · 일부수용률 (일부수용 ÷ (수용+일부수용+불수용)) | L5: 전체 · 과태료 부과율 (과태료 처분 ÷ 답변) | M5: 비고
A6: 45931 | B6: 20 | C6: 20 | D6: 15 | E6: 10 | F6: 0 | G6: 5 | H6: 7 | I6: =E6/D6 -> 0.6666666666666666 | J6: =G6/D6 -> 0.3333333333333333 | K6: =F6/D6 -> 0 | L6: =H6/C6 -> 0.35 | M6: 일부 기간(10.5~10.31)
A7: 45962 | B7: 27 | C7: 27 | D7: 24 | E7: 14 | F7: 6 | G7: 4 | H7: 8 | I7: =E7/D7 -> 0.5833333333333334 | J7: =G7/D7 -> 0.16666666666666666 | K7: =F7/D7 -> 0.25 | L7: =H7/C7 -> 0.2962962962962963
A8: 45992 | B8: 20 | C8: 20 | D8: 19 | E8: 12 | F8: 3 | G8: 4 | H8: 7 | I8: =E8/D8 -> 0.631578947368421 | J8: =G8/D8 -> 0.21052631578947367 | K8: =F8/D8 -> 0.15789473684210525 | L8: =H8/C8 -> 0.35
A9: 46023 | B9: 22 | C9: 22 | D9: 19 | E9: 13 | F9: 1 | G9: 5 | H9: 6 | I9: =E9/D9 -> 0.6842105263157895 | J9: =G9/D9 -> 0.2631578947368421 | K9: =F9/D9 -> 0.05263157894736842 | L9: =H9/C9 -> 0.2727272727272727
A10: 46054 | B10: 20 | C10: 20 | D10: 18 | E10: 12 | F10: 3 | G10: 3 | H10: 11 | I10: =E10/D10 -> 0.6666666666666666 | J10: =G10/D10 -> 0.16666666666666666 | K10: =F10/D10 -> 0.16666666666666666 | L10: =H10/C10 -> 0.55
A11: 46082 | B11: 25 | C11: 25 | D11: 19 | E11: 12 | F11: 3 | G11: 4 | H11: 5 | I11: =E11/D11 -> 0.631578947368421 | J11: =G11/D11 -> 0.21052631578947367 | K11: =F11/D11 -> 0.15789473684210525 | L11: =H11/C11 -> 0.2
A12: 46113 | B12: 32 | C12: 32 | D12: 29 | E12: 21 | F12: 1 | G12: 7 | H12: 10 | I12: =E12/D12 -> 0.7241379310344828 | J12: =G12/D12 -> 0.2413793103448276 | K12: =F12/D12 -> 0.034482758620689655 | L12: =H12/C12 -> 0.3125
A13: 46143 | B13: 22 | C13: 22 | D13: 20 | E13: 8 | F13: 1 | G13: 11 | H13: 2 | I13: =E13/D13 -> 0.4 | J13: =G13/D13 -> 0.55 | K13: =F13/D13 -> 0.05 | L13: =H13/C13 -> 0.09090909090909091
A14: 46174 | B14: 18 | C14: 18 | D14: 15 | E14: 7 | F14: 2 | G14: 6 | H14: 1 | I14: =E14/D14 -> 0.4666666666666667 | J14: =G14/D14 -> 0.4 | K14: =F14/D14 -> 0.13333333333333333 | L14: =H14/C14 -> 0.05555555555555555
A15: 46204 | B15: 34 | C15: 34 | D15: 32 | E15: 19 | F15: 7 | G15: 6 | H15: 9 | I15: =E15/D15 -> 0.59375 | J15: =G15/D15 -> 0.1875 | K15: =F15/D15 -> 0.21875 | L15: =H15/C15 -> 0.2647058823529412
A16: 46235 | B16: 23 | C16: 23 | D16: 19 | E16: 9 | F16: 5 | G16: 5 | H16: 6 | I16: =E16/D16 -> 0.47368421052631576 | J16: =G16/D16 -> 0.2631578947368421 | K16: =F16/D16 -> 0.2631578947368421 | L16: =H16/C16 -> 0.2608695652173913
A17: 46266 | B17: 145 | C17: 145 | D17: 112 | E17: 46 | F17: 33 | G17: 33 | H17: 48 | I17: =E17/D17 -> 0.4107142857142857 | J17: =G17/D17 -> 0.29464285714285715 | K17: =F17/D17 -> 0.29464285714285715 | L17: =H17/C17 -> 0.3310344827586207 | M17: 자료 마지막 월(09.24까지)
A18: 46296 | I18: 자료 없음 | J18: 자료 없음 | K18: 자료 없음 | L18: 자료 없음 | M18: 일부 기간(10.1~10.4) · 이번 달 진행 중 · 데이터 제공 종료 이후
A20: 비율은 같은 줄의 ‘해당 건수 ÷ 기준 건수’ 수식입니다.

Sheet 차트
A1: 월별 추이 · 처리결과 비율 · 차트
A3: 답변월별 처리결과 비율 · 수용률·과태료 부과율
A4: 수용·일부수용·불수용은 미분류를 뺀 답변 중, 과태료는 전체 답변 중 비율입니다.

Sheet 차트 데이터
A1: 차트 데이터
A2: 차트가 그리는 숫자입니다. ‘통계표’ 시트에서 가져옵니다.
A4: 답변월별 처리결과 비율 · 수용률·과태료 부과율
A5: 답변월 | B5: 수용률 · 전체 | C5: 과태료 부과율 · 전체
A6: 2025-10 | B6: ='통계표'!$I$6 -> 0.6666666666666666 | C6: ='통계표'!$L$6 -> 0.35
A7: 2025-11 | B7: ='통계표'!$I$7 -> 0.5833333333333334 | C7: ='통계표'!$L$7 -> 0.2962962962962963
A8: 2025-12 | B8: ='통계표'!$I$8 -> 0.631578947368421 | C8: ='통계표'!$L$8 -> 0.35
A9: 2026-01 | B9: ='통계표'!$I$9 -> 0.6842105263157895 | C9: ='통계표'!$L$9 -> 0.2727272727272727
A10: 2026-02 | B10: ='통계표'!$I$10 -> 0.6666666666666666 | C10: ='통계표'!$L$10 -> 0.55
A11: 2026-03 | B11: ='통계표'!$I$11 -> 0.631578947368421 | C11: ='통계표'!$L$11 -> 0.2
A12: 2026-04 | B12: ='통계표'!$I$12 -> 0.7241379310344828 | C12: ='통계표'!$L$12 -> 0.3125
A13: 2026-05 | B13: ='통계표'!$I$13 -> 0.4 | C13: ='통계표'!$L$13 -> 0.09090909090909091
A14: 2026-06 | B14: ='통계표'!$I$14 -> 0.4666666666666667 | C14: ='통계표'!$L$14 -> 0.05555555555555555
A15: 2026-07 | B15: ='통계표'!$I$15 -> 0.59375 | C15: ='통계표'!$L$15 -> 0.2647058823529412
A16: 2026-08 | B16: ='통계표'!$I$16 -> 0.47368421052631576 | C16: ='통계표'!$L$16 -> 0.2608695652173913
A17: 2026-09 | B17: ='통계표'!$I$17 -> 0.4107142857142857 | C17: ='통계표'!$L$17 -> 0.3310344827586207
A18: 2026-10

Sheet 조회 조건
A1: 월별 추이 · 처리결과 비율 · 조회 조건
A3: 내려받은 시각 | B3: 2026-10-04 00:24:44 (한국 시간)
A4: 자료 버전 | B4: e2e-synthetic-1
A5: 날짜 기준 | B5: 답변일
A6: 기간 | B6: 2025-10-05 — 2026-10-04 · 일부 기간: 첫 달은 2025.10.05부터, 마지막 달은 2026.10.04까지
A7: 자료 버전 | B7: e2e-synthetic-1
A8: 대상 범위 | B8: 전국 · 모든 분류
A9: 보기 | B9: 처리결과 비율 (수용률, 과태료 부과율)
A10: 내 신고 | B10: 넣지 않음
A11: 계산 방법 | B11: 수용률·일부수용률·불수용률은 (수용+일부수용+불수용) 중 비율, 과태료 부과율은 전체 답변 중 과태료 처분의 비율입니다. 미분류는 안전신문고 처리 상태가 ‘답변완료’·‘기타’라 수용 여부가 없는 답변입니다.
A12: 빈 칸의 뜻 | B12: 계산 불가: 기준 신고 0건 · 제공 안 됨: 아직 없는 항목 · 자료 없음: 자료 기간 밖
A13: 이 파일에 대해 | B13: 내려받은 시점의 결과입니다.
