Workbook

Sheet 통계표
A1: 맞춤 통계 · 기관 · 수용 건수, 일부 수용 건수, 불수용 건수
A2: 2026-09-30 00:14:31 (한국 시간)에 내려받은 결과입니다. 조건은 ‘조회 조건’ 시트에 있습니다.
B5: 수용 건수 | C5: 수용 건수 | D5: 일부 수용 건수 | E5: 일부 수용 건수 | F5: 불수용 건수 | G5: 불수용 건수
A7: 기관 | B7: 수용 건수 · 값 | C7: 수용 건수 · 합계 | D7: 일부 수용 건수 · 값 | E7: 일부 수용 건수 · 합계 | F7: 불수용 건수 · 값 | G7: 불수용 건수 · 합계
A8: 예시 대구수성경찰서 | B8: 40 | C8: 40 | D8: 31 | E8: 31 | F8: 31 | G8: 31
A9: 예시 서울중부경찰서 | B9: 31 | C9: 31 | D9: 11 | E9: 11 | F9: 11 | G9: 11
A10: 예시 강남구청 | B10: 33 | C10: 33 | D10: 3 | E10: 3 | F10: 11 | G10: 11
A11: 예시 수원시청 | B11: 28 | C11: 28 | D11: 5 | E11: 5 | F11: 11 | G11: 11
A12: 예시 인천남동경찰서 | B12: 7 | C12: 7 | D12: 6 | E12: 6 | F12: 12 | G12: 12
A13: 예시 해운대구청 | B13: 12 | C13: 12 | D13: 3 | E13: 3 | F13: 4 | G13: 4
A14: 예시 부산연제경찰서 | B14: 9 | C14: 9 | D14: 1 | E14: 1 | F14: 5 | G14: 5
A15: 예시 대전서구청 | B15: 9 | C15: 9 | D15: 2 | E15: 2 | F15: 5 | G15: 5
A16: 예시 광주북구청 | B16: 6 | C16: 6 | D16: 2 | E16: 2 | F16: 2 | G16: 2
A17: 예시 제주시청 | B17: 9 | C17: 9 | D17: 1 | E17: 1 | F17: 1 | G17: 1
A18: 합계 | B18: 184 | C18: 184 | D18: 65 | E18: 65 | F18: 93 | G18: 93
A20: 합계는 칸을 더하거나 평균 낸 값이 아니라, 해당 신고 전체로 다시 계산한 값입니다. 예를 들어 1건 중 1건(100%)과 99건 중 9건(9.1%)을 합치면 100건 중 10건, 10%입니다.
A21: 비율은 같은 줄의 ‘해당 건수 ÷ 기준 건수’로 계산하는 수식입니다. 기준 건수가 0이면 계산하지 않고 ‘계산 불가’로 적었습니다.
A22: 중앙값, 상위 90% 값, 서로 다른 개수처럼 이 파일의 숫자로 다시 계산할 수 없는 값은 계산된 결과를 그대로 넣었습니다.
A23: ‘—’는 해당하는 답변 신고가 없다는 뜻입니다(0이 아님).

Sheet 차트
A1: 맞춤 통계 · 기관 · 수용 건수, 일부 수용 건수, 불수용 건수 · 차트
A3: 수용 건수·일부 수용 건수·불수용 건수 · 100% 누적
A4: 막대 전체(100%)는 숨긴 항목까지 합친 건수입니다. 숨긴 항목이 있으면 막대가 100%까지 차지 않습니다.

Sheet 차트 데이터
A1: 차트 데이터
A2: 차트가 그리는 숫자입니다(개별 신고가 아닙니다). 이 숫자들은 ‘통계표’ 시트에서 그대로 가져오므로, 통계표의 건수를 고치면 차트도 함께 바뀝니다. 여기에 숫자를 직접 넣어도 차트는 바뀌지만 통계표와는 달라집니다. 빈 칸은 값이 없다는 뜻입니다(0이 아님).
A4: 수용 건수·일부 수용 건수·불수용 건수 · 100% 누적
A5: 기관 | B5: 수용 건수 | C5: 일부 수용 건수 | D5: 불수용 건수
A6: 예시 대구수성경찰서 | B6: ='통계표'!$B$8/SUM('통계표'!$B$8,'통계표'!$D$8,'통계표'!$F$8) -> 0.39215686274509803 | C6: ='통계표'!$D$8/SUM('통계표'!$B$8,'통계표'!$D$8,'통계표'!$F$8) -> 0.30392156862745096 | D6: ='통계표'!$F$8/SUM('통계표'!$B$8,'통계표'!$D$8,'통계표'!$F$8) -> 0.30392156862745096
A7: 예시 서울중부경찰서 | B7: ='통계표'!$B$9/SUM('통계표'!$B$9,'통계표'!$D$9,'통계표'!$F$9) -> 0.5849056603773585 | C7: ='통계표'!$D$9/SUM('통계표'!$B$9,'통계표'!$D$9,'통계표'!$F$9) -> 0.20754716981132076 | D7: ='통계표'!$F$9/SUM('통계표'!$B$9,'통계표'!$D$9,'통계표'!$F$9) -> 0.20754716981132076
A8: 예시 강남구청 | B8: ='통계표'!$B$10/SUM('통계표'!$B$10,'통계표'!$D$10,'통계표'!$F$10) -> 0.7021276595744681 | C8: ='통계표'!$D$10/SUM('통계표'!$B$10,'통계표'!$D$10,'통계표'!$F$10) -> 0.06382978723404255 | D8: ='통계표'!$F$10/SUM('통계표'!$B$10,'통계표'!$D$10,'통계표'!$F$10) -> 0.23404255319148937
A9: 예시 수원시청 | B9: ='통계표'!$B$11/SUM('통계표'!$B$11,'통계표'!$D$11,'통계표'!$F$11) -> 0.6363636363636364 | C9: ='통계표'!$D$11/SUM('통계표'!$B$11,'통계표'!$D$11,'통계표'!$F$11) -> 0.11363636363636363 | D9: ='통계표'!$F$11/SUM('통계표'!$B$11,'통계표'!$D$11,'통계표'!$F$11) -> 0.25
A10: 예시 인천남동경찰서 | B10: ='통계표'!$B$12/SUM('통계표'!$B$12,'통계표'!$D$12,'통계표'!$F$12) -> 0.28 | C10: ='통계표'!$D$12/SUM('통계표'!$B$12,'통계표'!$D$12,'통계표'!$F$12) -> 0.24 | D10: ='통계표'!$F$12/SUM('통계표'!$B$12,'통계표'!$D$12,'통계표'!$F$12) -> 0.48
A11: 예시 해운대구청 | B11: ='통계표'!$B$13/SUM('통계표'!$B$13,'통계표'!$D$13,'통계표'!$F$13) -> 0.631578947368421 | C11: ='통계표'!$D$13/SUM('통계표'!$B$13,'통계표'!$D$13,'통계표'!$F$13) -> 0.15789473684210525 | D11: ='통계표'!$F$13/SUM('통계표'!$B$13,'통계표'!$D$13,'통계표'!$F$13) -> 0.21052631578947367
A12: 예시 부산연제경찰서 | B12: ='통계표'!$B$14/SUM('통계표'!$B$14,'통계표'!$D$14,'통계표'!$F$14) -> 0.6 | C12: ='통계표'!$D$14/SUM('통계표'!$B$14,'통계표'!$D$14,'통계표'!$F$14) -> 0.06666666666666667 | D12: ='통계표'!$F$14/SUM('통계표'!$B$14,'통계표'!$D$14,'통계표'!$F$14) -> 0.3333333333333333
A13: 예시 대전서구청 | B13: ='통계표'!$B$15/SUM('통계표'!$B$15,'통계표'!$D$15,'통계표'!$F$15) -> 0.5625 | C13: ='통계표'!$D$15/SUM('통계표'!$B$15,'통계표'!$D$15,'통계표'!$F$15) -> 0.125 | D13: ='통계표'!$F$15/SUM('통계표'!$B$15,'통계표'!$D$15,'통계표'!$F$15) -> 0.3125
A14: 예시 광주북구청 | B14: ='통계표'!$B$16/SUM('통계표'!$B$16,'통계표'!$D$16,'통계표'!$F$16) -> 0.6 | C14: ='통계표'!$D$16/SUM('통계표'!$B$16,'통계표'!$D$16,'통계표'!$F$16) -> 0.2 | D14: ='통계표'!$F$16/SUM('통계표'!$B$16,'통계표'!$D$16,'통계표'!$F$16) -> 0.2
A15: 예시 제주시청 | B15: ='통계표'!$B$17/SUM('통계표'!$B$17,'통계표'!$D$17,'통계표'!$F$17) -> 0.8181818181818182 | C15: ='통계표'!$D$17/SUM('통계표'!$B$17,'통계표'!$D$17,'통계표'!$F$17) -> 0.09090909090909091 | D15: ='통계표'!$F$17/SUM('통계표'!$B$17,'통계표'!$D$17,'통계표'!$F$17) -> 0.09090909090909091

Sheet 조회 조건
A1: 맞춤 통계 · 기관 · 수용 건수, 일부 수용 건수, 불수용 건수 · 조회 조건
A3: 내려받은 시각 | B3: 2026-09-30 00:14:31 (한국 시간)
A4: 자료 버전 | B4: e2e-synthetic-1
A5: 기간 | B5: 2025-10-01 — 2026-09-30 (시작일·종료일 포함)
A6: 날짜 기준 | B6: 답변일 — 이 날짜가 기간 안인 신고만 모았습니다(다른 날짜는 기간 밖이어도 포함)
A7: 대상 범위 | B7: 전국 · 모든 분류
A8: 누구의 신고 | B8: 전체
A9: 행 | B9: 기관
A10: 열 | B10: 없음
A11: 지표 | B11: 수용 건수, 일부 수용 건수, 불수용 건수
A12: 비교 대상 | B12: 고르지 않음 (전체)
A13: 답변 신고 | B13: 전체 409건
A14: 표 정렬 | B14: 기본 순서
... A19: 이 파일에 대해 | B19: 내려받은 시점의 결과입니다. 엑셀에서 자료를 새로 불러오지 않으므로 지금 사이트의 숫자와 다를 수 있습니다. 개별 신고, 차량 번호, 신고 번호, 계정 정보는 들어 있지 않습니다. 파일을 다른 사람에게 보내면 파일 안의 통계와 이름을 그 사람도 볼 수 있습니다.
